dgp,seed,epsilon_used,ate_lower,ate_upper,ate_width,true_ate,coverage_ate,cate_lower_z0,cate_upper_z0,cate_lower_z1,cate_upper_z1,coverage_cate_z0,coverage_cate_z1,lp_status
Easy,1,0.05,0.17392651762986666,0.29990306893957847,0.1259765513097118,0.22817587269323591,True,0.17170360605311574,0.30253515160402117,0.17614942920661758,0.29727098627513576,True,True,optimal
Easy,2,0.05,0.15619884186686356,0.26448404370383316,0.1082852018369696,0.22817587269323591,True,0.15989321735461404,0.2618494334549644,0.15250446637911308,0.26711865395270185,True,True,optimal
Easy,3,0.05,0.17772583655642876,0.2751110607057726,0.09738522414934386,0.22817587269323591,True,0.151002004008016,0.2785710261524075,0.20444966910484152,0.2716510952591378,True,True,optimal
Easy,4,0.05,0.1791551406682284,0.2899891044367522,0.11083396376852378,0.22817587269323591,True,0.1979386057384659,0.30771805227336196,0.16037167559799093,0.27226015660014247,True,True,optimal
Easy,5,0.05,0.2075423496216739,0.27844651593899217,0.07090416631731827,0.22817587269323591,True,0.20279991336624414,0.25245760378079224,0.21228478587710364,0.3044354280971921,True,True,optimal
Easy,6,0.05,0.1780874113717188,0.2781868613051219,0.10009944993340308,0.22817587269323591,True,0.1854808887755427,0.27602702252670147,0.1706939339678949,0.2803467000835423,True,True,optimal
Easy,7,0.05,0.177829136655606,0.28613982916813036,0.10831069251252434,0.22817587269323591,True,0.18829036724467585,0.263230394512826,0.16736790606653618,0.30904926382343473,True,True,optimal
Easy,8,0.05,0.19851282439337958,0.27960106382978733,0.08108823943640775,0.22817587269323591,True,0.1967186373809794,0.2836068895643364,0.20030701140577978,0.2755952380952382,True,True,optimal
Easy,9,0.05,0.2056830328765059,0.2900930034342645,0.08440997055775856,0.22817587269323591,True,0.19891470032315095,0.3007978274803495,0.21245136542986087,0.27938817938817945,True,True,optimal
Easy,10,0.05,0.14582745134611447,0.2792123891059689,0.13338493775985444,0.22817587269323591,True,0.13893952844776203,0.28341803193925347,0.1527153742444669,0.27500674627268434,True,True,optimal
Easy,11,0.05,0.18550041242873083,0.29873380915891595,0.11323339673018512,0.22817587269323591,True,0.179334158190795,0.3101945003353454,0.19166666666666665,0.2872731179824865,True,True,optimal
Easy,12,0.05,0.18842575566597725,0.30373902450547463,0.11531326883949738,0.22817587269323591,True,0.1908439198895805,0.30572102089849945,0.186007591442374,0.3017570281124498,True,True,optimal
Easy,13,0.05,0.17040119522317876,0.26854306388303995,0.09814186865986119,0.22817587269323591,True,0.17926917802694198,0.266380002293315,0.16153321241941554,0.2707061254727649,True,True,optimal
Easy,14,0.05,0.19324374050039378,0.24034751116582947,0.047103770665435696,0.22817587269323591,True,0.20753590036853464,0.2484304932735426,0.17895158063225292,0.23226452905811634,True,True,optimal
Easy,15,0.05,0.19614442228403367,0.28096078364770827,0.0848163613636746,0.22817587269323591,True,0.19033609625562764,0.29189660769355624,0.2019527483124397,0.2700249596018603,True,True,optimal
Easy,16,0.05,0.17374701982255403,0.2679195057319068,0.09417248590935279,0.22817587269323591,True,0.17545470844871203,0.2506085674891837,0.17203933119639603,0.28523044397463,True,True,optimal
Easy,17,0.05,,,,0.22817587269323591,False,,,,,False,False,infeasible
Easy,18,0.05,0.19147788733387106,0.27536612670550775,0.0838882393716367,0.22817587269323591,True,0.21204821164253207,0.2550018406928755,0.17090756302521004,0.29573041271814,True,True,optimal
Easy,19,0.05,0.1729901124754526,0.27828109721098837,0.10529098473553578,0.22817587269323591,True,0.1591337678510779,0.2738036267138435,0.18684645709982728,0.2827585677081333,True,True,optimal
Easy,20,0.05,0.1611548564956795,0.2694716530776195,0.10831679658193999,0.22817587269323591,True,0.1565271144941941,0.26420192162982103,0.16578259849716492,0.27474138452541796,True,True,optimal
Easy,21,0.05,0.18363439429410044,0.2654006317962457,0.08176623750214523,0.22817587269323591,True,0.20334509045397653,0.3031695484903271,0.16392369813422436,0.22763171510216423,True,False,optimal
Easy,22,0.05,0.20637673650483807,0.26337344330585866,0.05699670680102059,0.22817587269323591,True,0.21652951467634285,0.2909387358634566,0.19622395833333328,0.23580815074826078,True,True,optimal
Easy,23,0.05,0.17181219776461237,0.28510004641926884,0.11328784865465646,0.22817587269323591,True,0.15168042201990972,0.30231318807663293,0.19194397350931502,0.26788690476190474,True,True,optimal
Easy,24,0.05,0.1881057282869103,0.29015473288977567,0.10204900460286537,0.22817587269323591,True,0.18514730178767003,0.3071492926193781,0.19106415478615058,0.27316017316017327,True,True,optimal
Easy,25,0.05,0.1927920783108384,0.27948745933827573,0.08669538102743735,0.22817587269323591,True,0.21209102862035212,0.2740088823697185,0.17349312800132466,0.284966036306833,True,True,optimal
Easy,26,0.05,0.17893564771146175,0.3143673122305024,0.13543166451904065,0.22817587269323591,True,0.17853834972788418,0.3407525523325912,0.17933294569503933,0.2879820721284136,True,True,optimal
Easy,27,0.05,0.18393251229012264,0.2417215301125354,0.05778901782241275,0.22817587269323591,True,0.21145054056542223,0.25952923660196936,0.15641448401482305,0.22391382362310142,True,False,optimal
Easy,28,0.05,0.15985054279968253,0.25664412998987796,0.09679358719019543,0.22817587269323591,True,0.15738244983527994,0.2352483767112733,0.16231863576408512,0.27803988326848256,True,True,optimal
Easy,29,0.05,0.1763274641947813,0.2718257768467256,0.0954983126519443,0.22817587269323591,True,0.18146148824025854,0.25813008130081305,0.17119344014930404,0.2855214723926381,True,True,optimal
Easy,30,0.05,0.17792445277424968,0.27762838220860975,0.09970392943436007,0.22817587269323591,True,0.15184085485428422,0.2869076305220884,0.20400805069421513,0.26834913389513115,True,True,optimal
Easy,31,0.05,0.1869118339362953,0.29330563349143224,0.10639379955513695,0.22817587269323591,True,0.1617837868331483,0.2827786194874803,0.21203988103944227,0.30383264749538424,True,True,optimal
Easy,32,0.05,0.1833206600055271,0.29162485609084143,0.10830419608531433,0.22817587269323591,True,0.18044340334438758,0.2907893947213654,0.18619791666666663,0.2924603174603175,True,True,optimal
Easy,33,0.05,0.16652156578878197,0.2781148609052376,0.11159329511645566,0.22817587269323591,True,0.17157179893087382,0.26115559066049143,0.1614713326466901,0.29507413114998376,True,True,optimal
Easy,34,0.05,0.17400113135031142,0.26504181613844047,0.09104068478812904,0.22817587269323591,True,0.17812419919706146,0.246056338028169,0.16987806350356138,0.2840272942487119,True,True,optimal
Easy,35,0.05,0.171338747234337,0.2814472488822789,0.11010850164794189,0.22817587269323591,True,0.16034128541641102,0.26371117517697995,0.182336209052263,0.2991833225875779,True,True,optimal
Easy,36,0.05,0.1791830326454079,0.2746804749602596,0.09549744231485169,0.22817587269323591,True,0.17153396155730372,0.2809357406328868,0.1868321037335121,0.2684252092876324,True,True,optimal
Easy,37,0.05,0.17879096275864126,0.28645527539360915,0.1076643126349679,0.22817587269323591,True,0.1846171222046532,0.28779734939853546,0.1729648033126293,0.28511320138868285,True,True,optimal
Easy,38,0.05,0.17686548076330766,0.2518676503988191,0.07500216963551143,0.22817587269323591,True,0.16560022536118146,0.25273901261176773,0.18813073616543385,0.2509962881858704,True,True,optimal
Easy,39,0.05,0.1689944851202932,0.2929336467635797,0.1239391616432865,0.22817587269323591,True,0.1751775764535748,0.3056259314456036,0.1628113937870116,0.2802413620815558,True,True,optimal
Easy,40,0.05,0.17100275933930514,0.295049970791695,0.12404721145238984,0.22817587269323591,True,0.13679939112943929,0.28700828742669743,0.205206127549171,0.30309165415669254,True,True,optimal
Easy,41,0.05,0.2113948913061151,0.2989960461645567,0.08760115485844161,0.22817587269323591,True,0.21333333333333326,0.30929501571621015,0.20945644927889695,0.2886970766129033,True,True,optimal
Easy,42,0.05,0.19451665095982823,0.2902723114347232,0.09575566047489498,0.22817587269323591,True,0.19362967859208458,0.3088446337439085,0.19540362332757188,0.27169998912553794,True,True,optimal
Easy,43,0.05,0.14726487546697148,0.2725636389960664,0.12529876352909491,0.22817587269323591,True,0.1446206651674754,0.2668073136427567,0.14990908576646755,0.27831996434937606,True,True,optimal
Easy,44,0.05,0.15089795470230244,0.26502897433907696,0.11413101963677452,0.22817587269323591,True,0.16189691950561502,0.26692290884532116,0.13989898989898986,0.26313503983283276,True,True,optimal
Easy,45,0.05,0.17130428583278207,0.26333507414305457,0.0920307883102725,0.22817587269323591,True,0.1911334819155418,0.26526590407385114,0.15147508975002233,0.26140424421225805,True,True,optimal
Easy,46,0.05,0.19148001013407567,0.26713232755898586,0.07565231742491019,0.22817587269323591,True,0.19822804528637794,0.2765231002519138,0.1847319749817734,0.2577415548660579,True,True,optimal
Easy,47,0.05,0.17421410947408,0.2836005751942941,0.1093864657202141,0.22817587269323591,True,0.14488752556237205,0.2962113232892187,0.20354069338578795,0.27098982709936953,True,True,optimal
Easy,48,0.05,0.16161357457723435,0.2817311982555061,0.12011762367827172,0.22817587269323591,True,0.15763358778625947,0.28350504043425295,0.16559356136820924,0.27995735607675915,True,True,optimal
Easy,49,0.05,0.16541072389020145,0.27410165123912567,0.10869092734892422,0.22817587269323591,True,0.1745833333333333,0.28433601229313277,0.1562381144470696,0.2638672901851185,True,True,optimal
Easy,50,0.05,0.17967078439286704,0.2689299766758848,0.08925919228301776,0.22817587269323591,True,0.1789291305864107,0.2846470216035433,0.1804124381993234,0.25321293174822634,True,True,optimal
Easy,51,0.05,0.1775397507695144,0.28842487174380005,0.11088512097428566,0.22817587269323591,True,0.15375407534328067,0.2771412414633086,0.20132542619574811,0.2997085020242915,True,True,optimal
Easy,52,0.05,0.17808464843939054,0.2878679517204108,0.10978330328102026,0.22817587269323591,True,0.15729447268750119,0.2706809583858765,0.1988748241912799,0.30505494505494507,True,True,optimal
Easy,53,0.05,0.20018119074921598,0.303206991877097,0.10302580112788101,0.22817587269323591,True,0.1869847022670943,0.2992327593142257,0.21337767923133766,0.30718122443996826,True,True,optimal
Easy,54,0.05,0.1867680169832041,0.2545003738920798,0.06773235690887569,0.22817587269323591,True,0.17785926628964066,0.2535932661002145,0.19567676767676756,0.2554074816839451,True,True,optimal
Easy,55,0.05,0.17037374326530946,0.29042181009150464,0.12004806682619518,0.22817587269323591,True,0.17240771819085066,0.28843443890702875,0.16833976833976827,0.29240918127598053,True,True,optimal
Easy,56,0.05,0.15902877482321648,0.27386281361030707,0.11483403878709059,0.22817587269323591,True,0.15300128741551322,0.2808826470181053,0.16505626223091974,0.2668429802025088,True,True,optimal
Easy,57,0.05,0.1716814995703415,0.2625454317747634,0.0908639322044219,0.22817587269323591,True,0.1740560684476138,0.26672155565369043,0.16930693069306924,0.25836930789583634,True,True,optimal
Easy,58,0.05,0.16030852631387643,0.30176456364048854,0.1414560373266121,0.22817587269323591,True,0.1618021829733699,0.29361920357007903,0.15881486965438296,0.30990992371089804,True,True,optimal
Easy,59,0.05,0.17515382054821282,0.2740910539167465,0.09893723336853366,0.22817587269323591,True,0.17210498779211714,0.27157770170322476,0.1782026533043085,0.2766044061302682,True,True,optimal
Easy,60,0.05,0.18513807853498204,0.27899510920851767,0.09385703067353562,0.22817587269323591,True,0.17339937626123636,0.28255162192580713,0.19687678080872772,0.27543859649122815,True,True,optimal
Easy,61,0.05,0.16945994740741077,0.2769691388567799,0.1075091914493691,0.22817587269323591,True,0.19124183006535944,0.2839456809926301,0.1476780647494621,0.2699925967209296,True,True,optimal
Easy,62,0.05,0.18210106162605977,0.2938340190001463,0.1117329573740865,0.22817587269323591,True,0.19987775559268162,0.3077941224650264,0.16432436765943792,0.27987391553526614,True,True,optimal
Easy,63,0.05,0.1848382980568224,0.28408069876935155,0.09924240071252916,0.22817587269323591,True,0.17483396584440214,0.290063369125154,0.19484263026924264,0.2780980284135491,True,True,optimal
Easy,64,0.05,0.16480671830628313,0.2624797405931383,0.09767302228685515,0.22817587269323591,True,0.16807435845625374,0.23417980378452552,0.16153907815631252,0.2907796774017511,True,True,optimal
Easy,65,0.05,0.19580988832055826,0.29488292861598675,0.09907304029542849,0.22817587269323591,True,0.21738383259763444,0.306033818247421,0.17423594404348208,0.2837320389845525,True,True,optimal
Easy,66,0.05,0.19949274212090573,0.2662287887640001,0.06673604664309435,0.22817587269323591,True,0.20748739933055294,0.28119658119658125,0.19149808491125853,0.2512609963314189,True,True,optimal
Easy,67,0.05,0.1391058087627926,0.2850780804752877,0.1459722717124951,0.22817587269323591,True,0.1570779914529914,0.28922858158549597,0.12113362607259381,0.28092757936507945,True,True,optimal
Easy,68,0.05,0.17467406117717044,0.28325261866088547,0.10857855748371503,0.22817587269323591,True,0.14781228551818792,0.2691028665488392,0.20153583683615295,0.2974023707729318,True,True,optimal
Easy,69,0.05,0.1686097166830911,0.2782242781288474,0.10961456144575632,0.22817587269323591,True,0.1777777777777777,0.29438676184295914,0.1594416555884045,0.2620617944147357,True,True,optimal
Easy,70,0.05,0.16454491102282387,0.28032617194096354,0.11578126091813967,0.22817587269323591,True,0.15674640191897649,0.2851868685825259,0.17234342012667125,0.2754654752994012,True,True,optimal
Easy,71,0.05,0.1927534518670207,0.27320430666451223,0.08045085479749153,0.22817587269323591,True,0.1936416574953722,0.2680923901167826,0.19186524623866918,0.27831622321224186,True,True,optimal
Easy,72,0.05,0.18159637343415574,0.28689594284681147,0.10529956941265572,0.22817587269323591,True,0.17962962962962958,0.2725861254590057,0.1835631172386819,0.30120576023461726,True,True,optimal
Easy,73,0.05,0.18645845781635337,0.2629553687833428,0.07649691096698943,0.22817587269323591,True,0.16318057862896906,0.24630447085455587,0.20973633700373767,0.2796062667121297,True,True,optimal
Easy,74,0.05,0.17379259690959142,0.289758131147704,0.11596553423811257,0.22817587269323591,True,0.15324078799632534,0.275666293216354,0.1943444058228575,0.303849969079054,True,True,optimal
Easy,75,0.05,0.1637014815980919,0.2961988382663153,0.13249735666822343,0.22817587269323591,True,0.1938263208604175,0.2997366446693513,0.13357664233576627,0.29266103186327935,True,True,optimal
Easy,76,0.05,0.18229891985853963,0.26803468141888687,0.08573576156034723,0.22817587269323591,True,0.19218755823921874,0.24458991316866885,0.17241028147786053,0.29147944966910494,True,True,optimal
Easy,77,0.05,0.1803075102500134,0.2682029872797153,0.08789547702970191,0.22817587269323591,True,0.17643262223232659,0.28726925248664387,0.18418239826770022,0.24913672207278675,True,True,optimal
Easy,78,0.05,0.1954505972743184,0.28901998900845194,0.09356939173413353,0.22817587269323591,True,0.20148398436559467,0.2818078884281709,0.18941721018304214,0.296232089588733,True,True,optimal
Easy,79,0.05,0.1588662414956687,0.2769090991574018,0.11804285766173311,0.22817587269323591,True,0.1614134108827917,0.2715327639634193,0.15631907210854568,0.28228543435138426,True,True,optimal
Easy,80,0.05,0.16897888780757037,0.27825415008006693,0.10927526227249656,0.22817587269323591,True,0.1598007196893222,0.2612079175730177,0.17815705592581854,0.29530038258711616,True,True,optimal
Easy,81,0.05,0.17558227694254247,0.26290669727487254,0.08732442033233007,0.22817587269323591,True,0.18250197620447117,0.24613677347759744,0.16866257768061377,0.27967662107214764,True,True,optimal
Easy,82,0.05,0.1829005822879552,0.2796903570188266,0.09678977473087141,0.22817587269323591,True,0.16400609624982543,0.2561283115225024,0.20179506832608496,0.3032524025151508,True,True,optimal
Easy,83,0.05,0.17239232632470763,0.27172348751296127,0.09933116118825364,0.22817587269323591,True,0.18320441079657668,0.263959795538743,0.1615802418528386,0.2794871794871795,True,True,optimal
Easy,84,0.05,0.18709942759573212,0.2692229915906345,0.0821235639949024,0.22817587269323591,True,0.20942708140391608,0.2648863043787431,0.16477177378754815,0.2735596788025259,True,True,optimal
Easy,85,0.05,0.17276199132452913,0.25914906979753005,0.08638707847300092,0.22817587269323591,True,0.168203776899429,0.26693577100462873,0.17732020574962926,0.2513623685904314,True,True,optimal
Easy,86,0.05,0.17540010681167156,0.3022774950943585,0.1268773882826869,0.22817587269323591,True,0.17348238416597883,0.2914615384615385,0.1773178294573643,0.31309345172717845,True,True,optimal
Easy,87,0.05,0.15659569607318663,0.26243304243457327,0.10583734636138664,0.22817587269323591,True,0.14277519329407795,0.25647630471466043,0.1704161988522953,0.2683897801544861,True,True,optimal
Easy,88,0.05,0.18614439150205925,0.28651235141443393,0.10036795991237468,0.22817587269323591,True,0.19455029420005598,0.3007057467953335,0.1777384888040625,0.27231895603353434,True,True,optimal
Easy,89,0.05,0.18942072745952665,0.2855945641855069,0.09617383672598023,0.22817587269323591,True,0.19726727669133182,0.2875350140056023,0.18157417822772148,0.2836541143654115,True,True,optimal
Easy,90,0.05,0.1769398955495583,0.27667859701978154,0.09973870147022323,0.22817587269323591,True,0.17017515581345366,0.28433203680685865,0.18370463528566294,0.2690251572327044,True,True,optimal
Easy,91,0.05,0.18296040054779267,0.2760457892550466,0.09308538870725391,0.22817587269323591,True,0.18479694301188032,0.2858459183373075,0.181123858083705,0.26624566017278567,True,True,optimal
Easy,92,0.05,0.17418470671207126,0.2689195952796918,0.09473488856762052,0.22817587269323591,True,0.17916869227029641,0.2819285025847717,0.1692007211538461,0.2559106879746119,True,True,optimal
Easy,93,0.05,0.17953139235234872,0.24752709879197857,0.06799570643962985,0.22817587269323591,True,0.18263179164982768,0.2242518865469686,0.17643099305486976,0.27080231103698854,False,True,optimal
Easy,94,0.05,0.1744700942392557,0.2974392966388102,0.1229692023995545,0.22817587269323591,True,0.19570011286414468,0.2900109351970713,0.1532400756143667,0.3048676580805491,True,True,optimal
Easy,95,0.05,0.19019996327895033,0.2773887216358095,0.08718875835685919,0.22817587269323591,True,0.1728690981624489,0.2618456610949856,0.20753082839545178,0.29293178217663346,True,True,optimal
Easy,96,0.05,0.15091741312437673,0.25224501904384006,0.10132760591946333,0.22817587269323591,True,0.1427986816704403,0.24254132013896212,0.15903614457831317,0.261948717948718,True,True,optimal
Easy,97,0.05,0.1784739609555887,0.28586908685434065,0.10739512589875194,0.22817587269323591,True,0.18788107835726875,0.2924313267095266,0.16906684355390866,0.27930684699915476,True,True,optimal
Easy,98,0.05,0.18710845101124735,0.2916362002430965,0.10452774923184915,0.22817587269323591,True,0.20106159972386617,0.31057627572248786,0.17315530229862852,0.27269612476370514,True,True,optimal
Easy,99,0.05,0.18829912547350502,0.28484886763321715,0.09654974215971213,0.22817587269323591,True,0.16579485773343727,0.28660878331138323,0.21080339321357278,0.28308895195505107,True,True,optimal
Easy,100,0.05,0.1706871425542597,0.25730874134381077,0.08662159878955106,0.22817587269323591,True,0.15738297458506212,0.26984419957485534,0.1839913105234573,0.24477328311276625,True,True,optimal
Medium,1,0.1,0.07744016794165415,0.3327559161428298,0.25531574820117564,0.2131249618505535,True,0.10069706895103725,0.3502288222658074,0.054183266932271046,0.31528301001985215,True,True,optimal
Medium,2,0.1,0.09814011063517514,0.37176391916760626,0.2736238085324311,0.2131249618505535,True,0.09663009404388723,0.3915519905806166,0.09965012722646305,0.3519758477545959,True,True,optimal
Medium,3,0.1,0.05930915931347813,0.3504263482307117,0.2911171889172336,0.2131249618505535,True,0.06873718472634471,0.33379600036526347,0.04988113390061155,0.36705669609616,True,True,optimal
Medium,4,0.1,0.0712403083323015,0.3600341192979925,0.288793810965691,0.2131249618505535,True,0.050819672131147575,0.3710803843449729,0.09166094453345541,0.3489878542510121,True,True,optimal
Medium,5,0.1,0.08673256218866227,0.34432682739040843,0.25759426520174616,0.2131249618505535,True,0.12120539075440451,0.35832259343709727,0.052259733622920024,0.3303310613437196,True,True,optimal
Medium,6,0.1,0.06193738620909012,0.32974568639391755,0.26780830018482743,0.2131249618505535,True,0.054621898854961826,0.2918535127055306,0.06925287356321841,0.3676378600823045,True,True,optimal
Medium,7,0.1,0.07050640374388167,0.3326846029103244,0.26217819916644275,0.2131249618505535,True,0.03278586125808347,0.3269878029952138,0.10822694622967988,0.33838140282543505,True,True,optimal
Medium,8,0.1,0.09724258930901003,0.34996882928484807,0.25272623997583804,0.2131249618505535,True,0.12449960863245002,0.35517068273092367,0.06998556998557004,0.34476697583877247,True,True,optimal
Medium,9,0.1,0.07755971753455482,0.3550724854972135,0.27751276796265867,0.2131249618505535,True,0.05701593137254901,0.3631452581032413,0.09810350369656062,0.3469997128911857,True,True,optimal
Medium,10,0.1,0.03781855715913762,0.36005023975491146,0.32223168259577384,0.2131249618505535,True,0.05077816974476035,0.3555663587749148,0.024858944573514896,0.3645341207349081,True,True,optimal
Medium,11,0.1,0.054318850278154696,0.3602499403483655,0.3059310900702108,0.2131249618505535,True,0.060781466885779456,0.36519685039370076,0.047856233670529935,0.35530303030303023,True,True,optimal
Medium,12,0.1,0.09286624897023071,0.3371796554409358,0.2443134064707051,0.2131249618505535,True,0.09070100143061521,0.29310094408133625,0.09503149650984621,0.3812583668005354,True,True,optimal
Medium,13,0.1,0.06921044548177469,0.32214171022209553,0.25293126474032085,0.2131249618505535,True,0.04110350246969019,0.3252140077821011,0.09731738849385918,0.31906941266209,True,True,optimal
Medium,14,0.1,0.08085476202226555,0.357801623761232,0.27694686173896643,0.2131249618505535,True,0.05537195480373602,0.36303614457831324,0.10633756924079507,0.3525671029441507,True,True,optimal
Medium,15,0.1,0.10876363389754173,0.3148412593957268,0.2060776254981851,0.2131249618505535,True,0.11730769230769234,0.3558711980367367,0.10021957548739113,0.2738113207547169,True,True,optimal
Medium,16,0.1,0.08450608080106137,0.3789302223449693,0.29442414154390795,0.2131249618505535,True,0.07849566055930579,0.3952846387531369,0.09051650104281694,0.3625758059368017,True,True,optimal
Medium,17,0.1,0.03618589743589745,0.30629543315301827,0.2701095357171208,0.2131249618505535,True,0.04568181818181816,0.3373065015479876,0.026689976689976747,0.27528436475804896,True,True,optimal
Medium,18,0.1,0.07893021549864371,0.34962759183098163,0.2706973763323379,0.2131249618505535,True,0.10843495934959357,0.35307692307692307,0.04942547164769384,0.3461782605850402,True,True,optimal
Medium,19,0.1,0.047828037445862115,0.33216709638432995,0.28433905893846784,0.2131249618505535,True,0.05792562352490915,0.3277337342810278,0.037730451366815076,0.3366004584876321,True,True,optimal
Medium,20,0.1,0.07982182203147564,0.3637128128459834,0.28389099081450775,0.2131249618505535,True,0.08331711345070636,0.36738315696649027,0.07632653061224492,0.3600424687254765,True,True,optimal
Medium,21,0.1,0.07798516517331144,0.35499758814168475,0.2770124229683733,0.2131249618505535,True,0.05882352941176483,0.36667647058823527,0.09714680093485806,0.34331870569513423,True,True,optimal
Medium,22,0.1,0.044226310449472506,0.37636792370030125,0.33214161325082875,0.2131249618505535,True,0.04484760522496378,0.3616541353383458,0.04360501567398123,0.3910817120622567,True,True,optimal
Medium,23,0.1,0.0639091025943112,0.3179974740673636,0.2540883714730524,0.2131249618505535,True,0.08604522890237176,0.3512754123513617,0.04177297628625065,0.2847195357833655,True,True,optimal
Medium,24,0.1,0.08259685631426578,0.38124888973032345,0.29865203341605767,0.2131249618505535,True,0.06976467477525117,0.4035947120608475,0.09542903785328039,0.3589030673997994,True,True,optimal
Medium,25,0.1,0.07670328837279927,0.3540457987660459,0.27734251039324664,0.2131249618505535,True,0.10253902324646613,0.34926773178407167,0.05086755349913241,0.35882386574802017,True,True,optimal
Medium,26,0.1,0.06910399834628517,0.35279747476709805,0.2836934764208129,0.2131249618505535,True,0.057472373851684244,0.3602461123248939,0.08073562284088609,0.3453488372093022,True,True,optimal
Medium,27,0.1,0.07546135820431032,0.37058278005525347,0.29512142185094314,0.2131249618505535,True,0.06106612685560053,0.3402727029676499,0.08985658955302012,0.40089285714285705,True,True,optimal
Medium,28,0.1,0.06849473446170062,0.387832732401982,0.3193379979402814,0.2131249618505535,True,0.0755786805416584,0.39911821230734446,0.061410788381742853,0.3765472524966196,True,True,optimal
Medium,29,0.1,0.09192294320318756,0.33123071200306703,0.23930776879987947,0.2131249618505535,True,0.10604138637965277,0.3450441445943694,0.07780450002672235,0.3174172794117647,True,True,optimal
Medium,30,0.1,0.08200950966437692,0.3458228730240633,0.26381336335968636,0.2131249618505535,True,0.07141995172968618,0.3614814814814814,0.09259906759906766,0.33016426456664516,True,True,optimal
Medium,31,0.1,0.044043856557088756,0.3206957870867645,0.27665193052967574,0.2131249618505535,True,0.05228136882129275,0.315359828141783,0.03580634429288476,0.326031746031746,True,True,optimal
Medium,32,0.1,0.08171897798913252,0.3692691460053961,0.2875501680162636,0.2131249618505535,True,0.08753982605700517,0.38227419456927647,0.07589812992125988,0.35626409744151577,True,True,optimal
Medium,33,0.1,0.0870611711429004,0.33890969343202865,0.25184852228912824,0.2131249618505535,True,0.08218998442750602,0.31633479302652223,0.09193235785829479,0.36148459383753506,True,True,optimal
Medium,34,0.1,0.0891650884845906,0.33968447280843683,0.25051938432384624,0.2131249618505535,True,0.05613278008298761,0.32802010840757134,0.12219739688619358,0.3513488372093023,True,True,optimal
Medium,35,0.1,0.07505985319224096,0.350121298940721,0.27506144574848007,0.2131249618505535,True,0.04599018003273325,0.34409141583054614,0.10412952635174866,0.3561511820508959,True,True,optimal
Medium,36,0.1,0.09902038303335503,0.35745360070932286,0.25843321767596783,0.2131249618505535,True,0.05838042640637042,0.3118805351422649,0.13966033966033964,0.40302666627638084,True,True,optimal
Medium,37,0.1,0.0875368696926917,0.32700480581869895,0.23946793612600725,0.2131249618505535,True,0.06453086300620803,0.30008804300994696,0.11054287637917537,0.35392156862745094,True,True,optimal
Medium,38,0.1,0.10892196193614634,0.3651661607918156,0.25624419885566924,0.2131249618505535,True,0.11935907538744417,0.403296321998612,0.09848484848484851,0.32703599958501917,True,True,optimal
Medium,39,0.1,0.09944247847500515,0.31558583710192106,0.21614335862691592,0.2131249618505535,True,0.05944191897532669,0.3225633528265107,0.1394430379746836,0.3086083213773314,True,True,optimal
Medium,40,0.1,0.0726859293562,0.32667733154234835,0.25399140218614835,0.2131249618505535,True,0.09326309067688376,0.3133319873477354,0.05210876803551623,0.3400226757369613,True,True,optimal
Medium,41,0.1,0.06941856308983368,0.368137253056217,0.2987186899663833,0.2131249618505535,True,0.06742729011409354,0.39138985489866895,0.07140983606557383,0.344884651213765,True,True,optimal
Medium,42,0.1,0.05459102820548606,0.34292027944579045,0.2883292512403044,0.2131249618505535,True,0.05536679536679534,0.33939093015557764,0.053815261044176776,0.34644962873600327,True,True,optimal
Medium,43,0.1,0.07086823140909887,0.33356045851023086,0.262692227101132,0.2131249618505535,True,0.09091703056768563,0.31548117154811717,0.05081943225051211,0.35163974547234456,True,True,optimal
Medium,44,0.1,0.056836461341344846,0.32807068817707113,0.2712342268357263,0.2131249618505535,True,0.04150812867519893,0.33379705400981996,0.07216479400749076,0.3223443223443223,True,True,optimal
Medium,45,0.1,0.09351710280138953,0.3602562871004799,0.2667391842990904,0.2131249618505535,True,0.09087003222341572,0.35986753414219563,0.09616417337936334,0.3606450400587642,True,True,optimal
Medium,46,0.1,0.0638115155325446,0.3616874643812986,0.297875948848754,0.2131249618505535,True,0.0524073447905794,0.3595772357723578,0.07521568627450981,0.36379769299023945,True,True,optimal
Medium,47,0.1,0.05036532462487542,0.3474886774312533,0.29712335280637786,0.2131249618505535,True,0.03076306893734282,0.3638713812626856,0.06996758031240802,0.33110597359982097,True,True,optimal
Medium,48,0.1,0.08540755275991924,0.309342375249717,0.2239348224897978,0.2131249618505535,True,0.11728350700682721,0.3171094890510948,0.05353159851301126,0.30157526144833924,True,True,optimal
Medium,49,0.1,0.06165347086179562,0.3550973381660735,0.29344386730427785,0.2131249618505535,True,0.06521210893996165,0.3706629501757942,0.05809483278362959,0.33953172615635274,True,True,optimal
Medium,50,0.1,0.10112491093857373,0.32043633300491065,0.21931142206633691,0.2131249618505535,True,0.12545931758530193,0.3104054197099607,0.07679050429184553,0.3304672462998606,True,True,optimal
Medium,51,0.1,0.07963640617764806,0.34438621666897157,0.2647498104913235,0.2131249618505535,True,0.09866884739448467,0.37204811649256087,0.06060396496081144,0.31672431684538227,True,True,optimal
Medium,52,0.1,0.10857852720755945,0.3330917525239192,0.22451322531635975,0.2131249618505535,True,0.11382372108178562,0.3249779714510005,0.10333333333333328,0.3412055335968379,True,True,optimal
Medium,53,0.1,0.12872965738967146,0.3479948537793231,0.21926519638965164,0.2131249618505535,True,0.13880202598546576,0.3463235294117646,0.11865728879387716,0.3496661781468816,True,True,optimal
Medium,54,0.1,0.0766602932671045,0.33283325800770036,0.25617296474059587,0.2131249618505535,True,0.0957983193277312,0.28835542218888044,0.057522267206477795,0.3773110938265203,True,True,optimal
Medium,55,0.1,0.0874953701973078,0.36329568913175464,0.27580031893444684,0.2131249618505535,True,0.09272697951943243,0.36970248937462047,0.08226376087518317,0.3568888888888888,True,True,optimal
Medium,56,0.1,0.1107824386351548,0.3629057076400071,0.2521232690048523,0.2131249618505535,True,0.11914590493829369,0.38589371980676324,0.10241897233201591,0.339917695473251,True,True,optimal
Medium,57,0.1,0.0656202516697369,0.35234449555644737,0.2867242438867105,0.2131249618505535,True,0.05501462914366728,0.31703120710167465,0.07622587419580651,0.3876577840112201,True,True,optimal
Medium,58,0.1,0.06446251426320121,0.308265117184413,0.2438026029212118,0.2131249618505535,True,0.08136882129277578,0.30882374469330987,0.047556207233626635,0.30770648967551617,True,True,optimal
Medium,59,0.1,0.0792405298227834,0.33092932924545204,0.25168879942266864,0.2131249618505535,True,0.07934168847266221,0.31317803380708087,0.0791393711729046,0.3486806246838232,True,True,optimal
Medium,60,0.1,0.07038859435040457,0.3394945444516611,0.26910595010125654,0.2131249618505535,True,0.06521890807605102,0.31983331801329773,0.07555828062475811,0.3591557708900245,True,True,optimal
Medium,61,0.1,0.0899290149258149,0.3323347822650033,0.2424057673391884,0.2131249618505535,True,0.11878866818625866,0.31886985800029277,0.061069361665371136,0.3457997065297138,True,True,optimal
Medium,62,0.1,0.11608028979322343,0.31609595822787023,0.2000156684346468,0.2131249618505535,True,0.14184863603965525,0.29261219792865356,0.09031194354679162,0.3395797185270869,True,True,optimal
Medium,63,0.1,0.06675356037513885,0.30578835793299114,0.23903479755785229,0.2131249618505535,True,0.059575833050303895,0.29919028340080966,0.07393128769997381,0.3123864324651726,True,True,optimal
Medium,64,0.1,0.08067517826706366,0.34461815332780776,0.2639429750607441,0.2131249618505535,True,0.07529105392156865,0.365544066027891,0.08605930261255867,0.3236922406277245,True,True,optimal
Medium,65,0.1,0.10116558102143619,0.37055405827669713,0.26938847725526094,0.2131249618505535,True,0.11602286164761533,0.37254901960784315,0.08630830039525705,0.3685590969455511,True,True,optimal
Medium,66,0.1,0.09913983823581818,0.3784574452951239,0.2793176070593057,0.2131249618505535,True,0.07946916471506638,0.3988885639075753,0.11881051175656998,0.3580263266826724,True,True,optimal
Medium,67,0.1,0.03913645179563924,0.3341101899153671,0.2949737381197279,0.2131249618505535,True,0.018997633014304904,0.3192375886524823,0.05927527057697357,0.3489827911782519,True,True,optimal
Medium,68,0.1,0.09154551723319826,0.3477426294366407,0.25619711220344243,0.2131249618505535,True,0.07844979448032885,0.346624780829924,0.10464123998606767,0.3488604780433574,True,True,optimal
Medium,69,0.1,0.07334005835703633,0.3387573233871517,0.26541726503011537,0.2131249618505535,True,0.08417818740399396,0.3373015873015873,0.0625019293100787,0.3402130594727161,True,True,optimal
Medium,70,0.1,0.07926141445123397,0.3394260629755437,0.2601646485243097,0.2131249618505535,True,0.0737544091710759,0.3470416148614056,0.08476841973139204,0.33181051108968174,True,True,optimal
Medium,71,0.1,0.050473763923789494,0.31467874163486476,0.26420497771107526,0.2131249618505535,True,0.052143569292123604,0.3059663783888834,0.048803958555455385,0.3233911048808461,True,True,optimal
Medium,72,0.1,0.10071080815864236,0.32603555989985494,0.22532475174121258,0.2131249618505535,True,0.12826752593020097,0.31300114203281837,0.07315409038708376,0.3390699777668915,True,True,optimal
Medium,73,0.1,0.07091503267973859,0.35246645913536695,0.28155142645562836,0.2131249618505535,True,0.05710784313725492,0.359034260300083,0.08472222222222225,0.3458986579706509,True,True,optimal
Medium,74,0.1,0.08989956966536411,0.3644136628587762,0.2745140931934121,0.2131249618505535,True,0.09357441430932256,0.34428323412698403,0.08622472502140566,0.38454409159056835,True,True,optimal
Medium,75,0.1,0.08474462022579715,0.3722360921517595,0.28749147192596236,0.2131249618505535,True,0.0882277318640955,0.3719035440263061,0.08126150858749881,0.3725686402772129,True,True,optimal
Medium,76,0.1,0.08973821343776023,0.27273127106348255,0.18299305762572232,0.2131249618505535,True,0.08571428571428574,0.2794819125870136,0.09376214116123471,0.2659806295399515,True,True,optimal
Medium,77,0.1,0.032756235724765215,0.32097423103856926,0.28821799531380404,0.2131249618505535,True,0.025634144453332675,0.3327594739819004,0.039878326996197755,0.3091889880952381,True,True,optimal
Medium,78,0.1,0.09638502870156329,0.35161862144978046,0.25523359274821716,0.2131249618505535,True,0.12999387254901962,0.3439624245393116,0.06277618485410696,0.3592748183602493,True,True,optimal
Medium,79,0.1,0.08816782721543698,0.3754380112581388,0.2872701840427018,0.2131249618505535,True,0.11249415942435292,0.38826135105204873,0.06384149500652103,0.3626146714642289,True,True,optimal
Medium,80,0.1,0.0751307877672478,0.32094112034505834,0.24581033257781054,0.2131249618505535,True,0.047272445099712956,0.32230367755754663,0.10298913043478264,0.31957856313257005,True,True,optimal
Medium,81,0.1,0.08677987764638823,0.32801809913675484,0.2412382214903666,0.2131249618505535,True,0.09009244723530441,0.3387778585271317,0.08346730805747204,0.31725833974637796,True,True,optimal
Medium,82,0.1,0.05524444106452664,0.3380940745643951,0.28284963349986847,0.2131249618505535,True,0.053062021177963214,0.36053609861083935,0.057426860951090064,0.31565205051795087,True,True,optimal
Medium,83,0.1,0.07196093644403512,0.3455933183009473,0.2736323818569122,0.2131249618505535,True,0.08294766268054043,0.3502860737501122,0.0609742102075298,0.3409005628517824,True,True,optimal
Medium,84,0.1,0.06032799358224056,0.3650358455882352,0.30470785200599465,0.2131249618505535,True,0.06082692733542128,0.37740502450980384,0.05982905982905984,0.3526666666666666,True,True,optimal
Medium,85,0.1,0.04238714137809213,0.33047835348056515,0.288091212102473,0.2131249618505535,True,0.039526005255590246,0.3373598077363241,0.045248277500594014,0.32359689922480617,True,True,optimal
Medium,86,0.1,0.07316769819233543,0.34712402785430474,0.2739563296619693,0.2131249618505535,True,0.07242235290640986,0.35291906952633967,0.073913043478261,0.3413289861822698,True,True,optimal
Medium,87,0.1,0.09193019975607714,0.34224842739659983,0.2503182276405227,0.2131249618505535,True,0.089198606271777,0.331971022416621,0.09466179324037727,0.35252583237657864,True,True,optimal
Medium,88,0.1,0.08473788891929979,0.34684317589956115,0.26210528698026136,0.2131249618505535,True,0.030805374054768464,0.3251904168397728,0.1386704037838311,0.3684959349593495,True,True,optimal
Medium,89,0.1,0.07010148376398034,0.3520275956237291,0.28192611185974875,0.2131249618505535,True,0.06938599973534476,0.3782542776694823,0.07081696779261593,0.3258009135779759,True,True,optimal
Medium,90,0.1,0.10241437818156224,0.3578567835445313,0.2554424053629691,0.2131249618505535,True,0.11667002620439426,0.39822833015978143,0.08815873015873021,0.3174852369292812,True,True,optimal
Medium,91,0.1,0.0697939246320936,0.33834592924063833,0.2685520046085447,0.2131249618505535,True,0.057464392474063763,0.3606002554278416,0.08212345679012345,0.3160916030534351,True,True,optimal
Medium,92,0.1,0.07401566442450519,0.3204768031867887,0.24646113876228348,0.2131249618505535,True,0.07652111198531342,0.3200670403650602,0.07151021686369696,0.32088656600851717,True,True,optimal
Medium,93,0.1,0.0844520281024766,0.3433975704405806,0.258945542338104,0.2131249618505535,True,0.08580783016266891,0.3686678346080986,0.08309622604228428,0.3181273062730626,True,True,optimal
Medium,94,0.1,0.08548916682032692,0.33845079551241486,0.25296162869208794,0.2131249618505535,True,0.07925804192036212,0.32121212121212117,0.09172029172029172,0.35568946981270855,True,True,optimal
Medium,95,0.1,0.07654008892713715,0.3412063179930392,0.26466622906590204,0.2131249618505535,True,0.08601190476190479,0.32381849372666416,0.06706827309236951,0.3585941422594142,True,True,optimal
Medium,96,0.1,0.09834847061104829,0.35683064463552266,0.2584821740244744,0.2131249618505535,True,0.05931488235714799,0.3242740998838559,0.1373820588649486,0.3893871893871894,True,True,optimal
Medium,97,0.1,0.039389869692312784,0.33457812297848066,0.2951882532861679,0.2131249618505535,True,0.035447754696940725,0.348688137765068,0.043331984687684844,0.3204681081918933,True,True,optimal
Medium,98,0.1,0.07175061924022724,0.3510077929725324,0.27925717373230513,0.2131249618505535,True,0.060079825288048894,0.3568755578222619,0.08342141319240559,0.34514002812280287,True,True,optimal
Medium,99,0.1,0.0920366755863995,0.37813154344277294,0.28609486785637345,0.2131249618505535,True,0.08905348210850328,0.3644083969465648,0.09501986906429571,0.3918546899389811,True,True,optimal
Medium,100,0.1,0.05479471311307166,0.341337360133075,0.2865426470200033,0.2131249618505535,True,0.014245662378442492,0.35888955402574074,0.09534376384770082,0.3237851662404092,True,True,optimal
Hard,1,0.2,-0.10946868442500368,0.5092768905268906,0.6187455749518943,0.19048473827298018,True,-0.10286576168929118,0.5414141414141416,-0.11607160716071618,0.47713963963963973,True,True,optimal
Hard,2,0.2,-0.10139371699303368,0.48814817349713846,0.5895418904901721,0.19048473827298018,True,-0.11323962079110816,0.4312621359223301,-0.08954781319495919,0.5450342110719468,True,True,optimal
Hard,3,0.2,-0.051798173830648664,0.5130510614154788,0.5648492352461275,0.19048473827298018,True,-0.03461538461538449,0.5019864341085272,-0.06898096304591284,0.5241156887224305,True,True,optimal
Hard,4,0.2,-0.09332215949188427,0.4963544001195279,0.5896765596114122,0.19048473827298018,True,-0.11233239237826398,0.4985507246376812,-0.07431192660550456,0.49415807560137465,True,True,optimal
Hard,5,0.2,-0.08968176680288675,0.47297673590777045,0.5626585027106572,0.19048473827298018,True,-0.07612903225806456,0.44430512016718926,-0.10323450134770895,0.5016483516483516,True,True,optimal
Hard,6,0.2,-0.07869315854996972,0.43375568333123515,0.5124488418812049,0.19048473827298018,True,-0.10030959752322,0.467235656709341,-0.05707671957671945,0.40027570995312933,True,True,optimal
Hard,7,0.2,-0.1433583990279853,0.49937834389694913,0.6427367429249344,0.19048473827298018,True,-0.10462220346137596,0.46448558804965284,-0.18209459459459465,0.5342710997442455,True,True,optimal
Hard,8,0.2,-0.13617828971023782,0.44707777602514454,0.5832560657353824,0.19048473827298018,True,-0.15440287391571017,0.4106893106893108,-0.11795370550476547,0.4834662413609782,True,True,optimal
Hard,9,0.2,-0.07328705158970505,0.503125,0.5764120515897051,0.19048473827298018,True,-0.08271028037383177,0.5062500000000001,-0.06386382280557834,0.5,True,True,optimal
Hard,10,0.2,-0.08430956474977763,0.530227657384646,0.6145372221344236,0.19048473827298018,True,-0.04731409805301434,0.537602439489232,-0.12130503144654092,0.5228528752800599,True,True,optimal
Hard,11,0.2,-0.11948508391349677,0.47650276367882516,0.5959878475923219,0.19048473827298018,True,-0.084424713281539,0.4510903426791278,-0.15454545454545454,0.5019151846785226,True,True,optimal
Hard,12,0.2,-0.007236178424680717,0.4762461211798401,0.4834822996045208,0.19048473827298018,True,-0.012112806287563727,0.4443582710678143,-0.0023595505617977075,0.508133971291866,True,True,optimal
Hard,13,0.2,-0.14235873937193844,0.5111591336591337,0.6535178730310721,0.19048473827298018,True,-0.1506488512928963,0.5227927927927929,-0.13406862745098058,0.4995254745254745,True,True,optimal
Hard,14,0.2,-0.04063551486972117,0.5311805555555555,0.5718160704252767,0.19048473827298018,True,0.003979499547784204,0.5477777777777777,-0.08525052928722654,0.5145833333333334,True,True,optimal
Hard,15,0.2,-0.13573278079286089,0.46381314671221746,0.5995459275050783,0.19048473827298018,True,-0.1216086094590767,0.49519827998088867,-0.14985695212664507,0.43242801344354626,True,True,optimal
Hard,16,0.2,-0.1036957598188728,0.4631926683716965,0.5668884281905693,0.19048473827298018,True,-0.06733511586452767,0.48333333333333334,-0.14005640377321793,0.4430520034100596,True,True,optimal
Hard,17,0.2,-0.18165869218500796,0.43690026067964594,0.6185589528646539,0.19048473827298018,True,-0.18755980861244015,0.4107207439938001,-0.17575757575757578,0.4630797773654917,True,True,optimal
Hard,18,0.2,-0.11857024573502906,0.5006730769230769,0.619243322658106,0.19048473827298018,True,-0.11541596739391036,0.538846153846154,-0.12172452407614776,0.46249999999999997,True,True,optimal
Hard,19,0.2,-0.10557502433597554,0.559719981015662,0.6652950053516375,0.19048473827298018,True,-0.1084313725490198,0.5673469387755101,-0.10271867612293129,0.5520930232558139,True,True,optimal
Hard,20,0.2,-0.05151445084962769,0.49170286357786364,0.5432173144274913,0.19048473827298018,True,-0.0806752873563219,0.5086309523809525,-0.02235361434293348,0.47477477477477487,True,True,optimal
Hard,21,0.2,-0.087361494714436,0.5271413654181081,0.6145028601325441,0.19048473827298018,True,-0.05505050505050524,0.526197757390418,-0.11967248437836675,0.5280849734457982,True,True,optimal
Hard,22,0.2,-0.07280725080884642,0.5329192546583851,0.6057265054672315,0.19048473827298018,True,-0.08909276248725795,0.5071428571428571,-0.0565217391304349,0.558695652173913,True,True,optimal
Hard,23,0.2,-0.0835497835497836,0.49862058115318664,0.5821703647029702,0.19048473827298018,True,-0.0782106782106784,0.48158917157538533,-0.0888888888888888,0.515651990730988,True,True,optimal
Hard,24,0.2,-0.144235352869874,0.4950574753360847,0.6392928282059587,0.19048473827298018,True,-0.12128440366972493,0.47616146230007633,-0.16718630207002305,0.5139534883720931,True,True,optimal
Hard,25,0.2,-0.10124125693027608,0.508011559044818,0.6092528159750941,0.19048473827298018,True,-0.10476190476190461,0.5235721703011424,-0.09772060909864755,0.49245094778849346,True,True,optimal
Hard,26,0.2,-0.12109219672333282,0.5043569294782887,0.6254491262016215,0.19048473827298018,True,-0.10831342570473002,0.5310439560439559,-0.13387096774193563,0.4776699029126214,True,True,optimal
Hard,27,0.2,-0.136811391223156,0.441102804758267,0.577914195981423,0.19048473827298018,True,-0.17124183006535953,0.4102040816326531,-0.10238095238095246,0.4720015278838809,True,True,optimal
Hard,28,0.2,-0.1238490228273097,0.501586088053978,0.6254351108812877,0.19048473827298018,True,-0.09449063296752036,0.48835736129314106,-0.15320741268709903,0.5148148148148148,True,True,optimal
Hard,29,0.2,-0.09982783216791136,0.4993730385734195,0.5992008707413309,0.19048473827298018,True,-0.08560354374307866,0.5442622950819673,-0.11405212059274406,0.4544837820648717,True,True,optimal
Hard,30,0.2,-0.10531015037593994,0.5046541083892527,0.6099642587651927,0.19048473827298018,True,-0.1323308270676693,0.5326164874551973,-0.07828947368421058,0.4766917293233082,True,True,optimal
Hard,31,0.2,-0.07841591931636327,0.4703992299966522,0.5488151493130154,0.19048473827298018,True,-0.05275840202916937,0.4259708737864078,-0.10407343660355717,0.5148275862068965,True,True,optimal
Hard,32,0.2,-0.12690704699998512,0.42220238095238105,0.5491094279523662,0.19048473827298018,True,-0.1524939619867689,0.39107142857142874,-0.10132013201320134,0.4533333333333333,True,True,optimal
Hard,33,0.2,-0.08851706501051437,0.5011254016169574,0.5896424666274718,0.19048473827298018,True,-0.07802368472141352,0.48490386445840467,-0.09901044529961522,0.5173469387755101,True,True,optimal
Hard,34,0.2,-0.10502800177513649,0.4856582079360825,0.590686209711219,0.19048473827298018,True,-0.13153522248776617,0.46279434850863427,-0.07852078106250682,0.5085220673635307,True,True,optimal
Hard,35,0.2,-0.13237465130901904,0.5016879625750593,0.6340626138840784,0.19048473827298018,True,-0.12820993439550143,0.5185064935064936,-0.13653936822253665,0.4848694316436251,True,True,optimal
Hard,36,0.2,-0.12649505642242242,0.47749772537888024,0.6039927818013027,0.19048473827298018,True,-0.11134264740705668,0.48880229696472516,-0.14164746543778817,0.46619315379303533,True,True,optimal
Hard,37,0.2,-0.10567612212349053,0.5253107494657512,0.6309868715892417,0.19048473827298018,True,-0.0862440191387559,0.5448275862068965,-0.12510822510822517,0.5057939127246058,True,True,optimal
Hard,38,0.2,-0.12800461632421645,0.48823445180006086,0.6162390681242773,0.19048473827298018,True,-0.08924889543446257,0.5089209855564998,-0.16676033721397032,0.4675479180436219,True,True,optimal
Hard,39,0.2,-0.04917120976116307,0.49305200856924986,0.542223218330413,0.19048473827298018,True,-0.10125000000000006,0.49498432601880865,0.002907580477673921,0.49111969111969106,True,True,optimal
Hard,40,0.2,-0.09484396322631616,0.4061935602816633,0.5010375235079795,0.19048473827298018,True,-0.11321733821733826,0.3789247311827957,-0.07647058823529407,0.43346238938053094,True,True,optimal
Hard,41,0.2,-0.10099537037037054,0.48852400826310927,0.5895193786334798,0.19048473827298018,True,-0.08208333333333351,0.476121794871795,-0.11990740740740757,0.5009262216544235,True,True,optimal
Hard,42,0.2,-0.14945735309378405,0.42060439560439555,0.5700617486981796,0.19048473827298018,True,-0.15366568914956025,0.4096153846153845,-0.14524901703800785,0.43159340659340656,True,True,optimal
Hard,43,0.2,-0.09027704448828744,0.4672552255225523,0.5575322700108397,0.19048473827298018,True,-0.07936040395539656,0.5045104510451046,-0.10119368502117831,0.42999999999999994,True,True,optimal
Hard,44,0.2,-0.11047231070815988,0.47229253699841933,0.5827648477065792,0.19048473827298018,True,-0.11103896103896127,0.4862914862914863,-0.1099056603773585,0.45829358770535245,True,True,optimal
Hard,45,0.2,-0.07356689515105364,0.43854466841758144,0.5121115635686351,0.19048473827298018,True,-0.06268934585766273,0.3354933726067748,-0.08444444444444454,0.5415959642283881,True,True,optimal
Hard,46,0.2,-0.1017816462497314,0.4944325590718128,0.5962142053215442,0.19048473827298018,True,-0.08800773694390718,0.4955463091385421,-0.11555555555555563,0.49331880900508357,True,True,optimal
Hard,47,0.2,-0.08750393565736203,0.4428789712928398,0.5303829069502018,0.19048473827298018,True,-0.10030198896178288,0.49056424845898533,-0.07470588235294118,0.39519369412669425,True,True,optimal
Hard,48,0.2,-0.10481881891333317,0.4657246783857609,0.5705434972990941,0.19048473827298018,True,-0.03878485226799844,0.39881046788263297,-0.1708527855586679,0.5326388888888889,True,True,optimal
Hard,49,0.2,-0.11640070921985823,0.5274497653266704,0.6438504745465287,0.19048473827298018,True,-0.09946808510638294,0.5071895424836603,-0.13333333333333353,0.5477099881696805,True,True,optimal
Hard,50,0.2,-0.07072205807071619,0.45091194372485843,0.5216340017955746,0.19048473827298018,True,-0.08789054083171721,0.49029927760577924,-0.05355357530971516,0.4115246098439376,True,True,optimal
Hard,51,0.2,-0.11270120064433942,0.4081931736856331,0.5208943743299725,0.19048473827298018,True,-0.11982292179045739,0.4488683706789776,-0.10557947949822144,0.3675179766922887,True,True,optimal
Hard,52,0.2,-0.08237475531423055,0.526120018922809,0.6084947742370396,0.19048473827298018,True,-0.07822468793342563,0.5109701965757769,-0.08652482269503547,0.5412698412698411,True,True,optimal
Hard,53,0.2,-0.10211607814250423,0.4492219631884795,0.5513380413309837,0.19048473827298018,True,-0.07401869158878505,0.45453940804788834,-0.1302134646962234,0.4439045183290707,True,True,optimal
Hard,54,0.2,-0.08030794365652194,0.4612113544904697,0.5415192981469916,0.19048473827298018,True,-0.11650373778033352,0.5035849056603774,-0.044112149532710365,0.418837803320562,True,True,optimal
Hard,55,0.2,-0.10096742189834207,0.5479664179960452,0.6489338398943872,0.19048473827298018,True,-0.1088227728714739,0.5358861070201277,-0.09311207092521023,0.5600467289719626,True,True,optimal
Hard,56,0.2,-0.11880486016381109,0.48781866281866293,0.606623522982474,0.19048473827298018,True,-0.14829143982393145,0.45875420875420886,-0.08931828050369073,0.5168831168831169,True,True,optimal
Hard,57,0.2,-0.09622220139930038,0.4508910672234332,0.5471132686227336,0.19048473827298018,True,-0.0902173913043478,0.464367816091954,-0.10222701149425295,0.4374143183549124,True,True,optimal
Hard,58,0.2,-0.0765841209536392,0.47674067692841154,0.5533247978820508,0.19048473827298018,True,-0.06934835076427981,0.48739495798319327,-0.08381989114299859,0.4660863958736298,True,True,optimal
Hard,59,0.2,-0.10740917104414616,0.5099181566780889,0.6173273277222351,0.19048473827298018,True,-0.11397139713971405,0.5508672411912294,-0.10084694494857827,0.46896907216494843,True,True,optimal
Hard,60,0.2,-0.16253317085520336,0.4822460947195977,0.644779265574801,0.19048473827298018,True,-0.14113475177304968,0.5273011782032402,-0.18393158993735703,0.43719101123595516,True,True,optimal
Hard,61,0.2,-0.12063501986607761,0.4978921568627451,0.6185271767288227,0.19048473827298018,True,-0.13368342085521379,0.4607843137254903,-0.10758661887694143,0.5349999999999999,True,True,optimal
Hard,62,0.2,-0.12409087759598281,0.5028789127018711,0.6269697902978539,0.19048473827298018,True,-0.10750715201736227,0.5331609566903686,-0.14067460317460334,0.47259686871337364,True,True,optimal
Hard,63,0.2,-0.12952771899827953,0.5038162598213167,0.6333439788195963,0.19048473827298018,True,-0.07391874180864999,0.5414414414414415,-0.18513669618790907,0.46619107820119204,True,True,optimal
Hard,64,0.2,-0.14094718207577672,0.48901309362657575,0.6299602757023525,0.19048473827298018,True,-0.1070707070707071,0.5099211962012526,-0.17482365708084635,0.4681049910518989,True,True,optimal
Hard,65,0.2,-0.08890622783373536,0.460897758508804,0.5498039863425394,0.19048473827298018,True,-0.07969924812030094,0.4849165997680848,-0.09811320754716979,0.4368789172495231,True,True,optimal
Hard,66,0.2,-0.11145967713817517,0.4789113836474086,0.5903710607855838,0.19048473827298018,True,-0.07441860465116279,0.47852706299911274,-0.14850074962518756,0.4792957042957044,True,True,optimal
Hard,67,0.2,-0.1579335552759964,0.48475135975135986,0.6426849150273563,0.19048473827298018,True,-0.11655518394648823,0.4512487512487513,-0.19931192660550456,0.5182539682539684,True,True,optimal
Hard,68,0.2,-0.06959983498349842,0.482327907019377,0.5519277420028754,0.19048473827298018,True,-0.029009900990099036,0.45842105263157884,-0.1101897689768978,0.5062347614071752,True,True,optimal
Hard,69,0.2,-0.09433554594184435,0.43089068008224596,0.5252262260240903,0.19048473827298018,True,-0.08272906289818138,0.4641175488395392,-0.10594202898550731,0.39766381132495265,True,True,optimal
Hard,70,0.2,-0.11804343287056052,0.5592668360681626,0.6773102689387231,0.19048473827298018,True,-0.11987612612612608,0.5421895861148198,-0.11621073961499495,0.5763440860215054,True,True,optimal
Hard,71,0.2,-0.08097966847966848,0.446016237591341,0.5269959060710094,0.19048473827298018,True,-0.031481481481481555,0.45906432748538023,-0.1304778554778554,0.43296814769730174,True,True,optimal
Hard,72,0.2,-0.10290126540126543,0.5020413692836373,0.6049426346849027,0.19048473827298018,True,-0.09368131868131879,0.47333333333333333,-0.11212121212121207,0.5307494052339412,True,True,optimal
Hard,73,0.2,-0.0934852617118469,0.42648329236107174,0.5199685540729186,0.19048473827298018,True,-0.054277446192801504,0.49396586753352295,-0.1326930772308923,0.35900071718862053,True,True,optimal
Hard,74,0.2,-0.08966898587391947,0.45306962455020716,0.5427386104241266,0.19048473827298018,True,-0.04869281045751617,0.4585664335664336,-0.13064516129032278,0.4475728155339807,True,True,optimal
Hard,75,0.2,-0.1284032091097309,0.48572171072171066,0.6141249198314416,0.19048473827298018,True,-0.10952380952380958,0.4633848133848133,-0.14728260869565224,0.508058608058608,True,True,optimal
Hard,76,0.2,-0.1121678090428091,0.4764911014911015,0.5886589105339106,0.19048473827298018,True,-0.12178932178932178,0.5203703703703704,-0.10254629629629641,0.43261183261183267,True,True,optimal
Hard,77,0.2,-0.11929943698719003,0.48516809987398235,0.6044675368611724,0.19048473827298018,True,-0.12376914924366522,0.48220211161387644,-0.11482972473071484,0.48813408813408826,True,True,optimal
Hard,78,0.2,-0.10312166632544217,0.5192509760621216,0.6223726423875637,0.19048473827298018,True,-0.10721420643729207,0.4955710955710955,-0.09902912621359228,0.5429308565531477,True,True,optimal
Hard,79,0.2,-0.1152751873508755,0.47298592392932026,0.5882611112801958,0.19048473827298018,True,-0.12638370803508425,0.5174004192872119,-0.10416666666666674,0.42857142857142866,True,True,optimal
Hard,80,0.2,-0.11623530950368044,0.4200902873516611,0.5363255968553415,0.19048473827298018,True,-0.13480359885889848,0.40333846944016427,-0.0976670201484624,0.436842105263158,True,True,optimal
Hard,81,0.2,-0.11463981924508237,0.4798504926945295,0.5944903119396119,0.19048473827298018,True,-0.08813131313131306,0.46481481481481496,-0.1411483253588517,0.49488617057424406,True,True,optimal
Hard,82,0.2,-0.15433797958550433,0.5061573470847665,0.6604953266702708,0.19048473827298018,True,-0.09782939832444781,0.5187596006144393,-0.21084656084656084,0.4935550935550937,True,True,optimal
Hard,83,0.2,-0.09222602821554382,0.4896434937611408,0.5818695219766846,0.19048473827298018,True,-0.09030771762382739,0.5035294117647058,-0.09414433880726025,0.47575757575757577,True,True,optimal
Hard,84,0.2,-0.14106578512722656,0.4487370999153032,0.5898028850425298,0.19048473827298018,True,-0.10068728522336756,0.4396510705789057,-0.18144428503108556,0.4578231292517007,True,True,optimal
Hard,85,0.2,-0.11387995161494102,0.41073283858998133,0.5246127902049224,0.19048473827298018,True,-0.11995341614906829,0.43636363636363634,-0.10780648708081375,0.3851020408163264,True,True,optimal
Hard,86,0.2,-0.1579807141473114,0.4311821219715958,0.5891628361189072,0.19048473827298018,True,-0.19300458715596336,0.4464912280701756,-0.12295684113865946,0.415873015873016,True,True,optimal
Hard,87,0.2,-0.050865581676555416,0.5007520781105687,0.5516176597871241,0.19048473827298018,True,-0.06847553009747753,0.49487179487179495,-0.0332556332556333,0.5066323613493424,True,True,optimal
Hard,88,0.2,-0.12597872188833292,0.5173904516809843,0.6433691735693172,0.19048473827298018,True,-0.07701465201465219,0.5242017879948915,-0.17494279176201366,0.5105791153670771,True,True,optimal
Hard,89,0.2,-0.08704632604768847,0.4816171007160633,0.5686634267637518,0.19048473827298018,True,-0.1488825680617636,0.47483055504671196,-0.025210084033613356,0.4884036463854146,True,True,optimal
Hard,90,0.2,-0.09970712333934229,0.45710731627592915,0.5568144396152714,0.19048473827298018,True,-0.11146330872774657,0.48914893617021277,-0.087950937950938,0.42506569638164554,True,True,optimal
Hard,91,0.2,-0.1607328335566457,0.524962443338428,0.6856952768950737,0.19048473827298018,True,-0.14398625429553258,0.5238390092879257,-0.1774794128177588,0.5260858773889303,True,True,optimal
Hard,92,0.2,-0.07216894390241602,0.4784980658930239,0.5506670097954399,0.19048473827298018,True,-0.012181155648099962,0.45895691609977335,-0.13215673215673207,0.49803921568627446,True,True,optimal
Hard,93,0.2,-0.11695914580041988,0.47772389887089056,0.5946830446713105,0.19048473827298018,True,-0.12623195619711303,0.48057357459883926,-0.10768633540372674,0.47487422314294186,True,True,optimal
Hard,94,0.2,-0.09472251372602702,0.4644844454635788,0.5592069591896058,0.19048473827298018,True,-0.09605025018630897,0.4561797752808989,-0.09339477726574508,0.47278911564625864,True,True,optimal
Hard,95,0.2,-0.1293606032355079,0.4887200311683694,0.6180806344038773,0.19048473827298018,True,-0.11829405162738493,0.5074158231770296,-0.14042715484363089,0.47002423915970915,True,True,optimal
Hard,96,0.2,-0.14090380590651896,0.5011221939857489,0.6420259998922678,0.19048473827298018,True,-0.16651939126165938,0.5207556193208991,-0.11528822055137855,0.4814887686505986,True,True,optimal
Hard,97,0.2,-0.14426943468980247,0.468925518925519,0.6131949536153214,0.19048473827298018,True,-0.14290780141843973,0.4857142857142858,-0.1456310679611652,0.45213675213675214,True,True,optimal
Hard,98,0.2,-0.15555408604119614,0.48744023444230605,0.6429943204835022,0.19048473827298018,True,-0.11808723489395767,0.4920696324951645,-0.1930209371884346,0.4828108363894476,True,True,optimal
Hard,99,0.2,-0.06706172150383483,0.48336481674483234,0.5504265382486672,0.19048473827298018,True,-0.06684655513581594,0.48092105263157886,-0.06727688787185371,0.4858085808580858,True,True,optimal
Hard,100,0.2,-0.10027725593763337,0.4910367259552043,0.5913139818928377,0.19048473827298018,True,-0.07409948542024014,0.5032196969696972,-0.1264550264550266,0.4788537549407114,True,True,optimal
