study,pattern,beta,epsilon_frac,epsilon_scaled,outcome_std,outcome_mean,n_obs,n_treated,n_control,ate_lower,ate_upper,width,width_ratio,coverage,true_ate,naive_ate,naive_bias,n_valid_sites,n_treated_sites,n_control_sites,theta_1_min,theta_1_max,theta_1_range,theta_0_min,theta_0_max,theta_0_range,point_estimate
anchoring1,age,0.25,0.05,76.84713870657282,1536.9427741314564,2670.241941529235,2668,1367,1301,2537.2616049397957,278.9538927977609,-2258.3077121420347,-1.4693505510758067,False,1555.6658181083942,1547.3828524791297,-8.282965629264481,34,34,34,2629.8846153846152,4042.25,1412.3653846153848,1351.2941176470588,2504.625,1153.3308823529412,1671.0193944730652
anchoring1,age,0.25,0.1,153.69427741314564,1536.9427741314564,2670.241941529235,2668,1367,1301,2383.56732752665,432.6481702109065,-1950.9191573157434,-1.2693505510758067,False,1555.6658181083942,1547.3828524791297,-8.282965629264481,34,34,34,2629.8846153846152,4042.25,1412.3653846153848,1351.2941176470588,2504.625,1153.3308823529412,1671.0193944730652
anchoring1,age,0.25,0.15,230.54141611971846,1536.9427741314564,2670.241941529235,2668,1367,1301,2229.8730501135046,586.3424476240522,-1643.5306024894526,-1.069350551075807,False,1555.6658181083942,1547.3828524791297,-8.282965629264481,34,34,34,2629.8846153846152,4042.25,1412.3653846153848,1351.2941176470588,2504.625,1153.3308823529412,1671.0193944730652
anchoring1,age,0.25,0.2,307.3885548262913,1536.9427741314564,2670.241941529235,2668,1367,1301,2076.178772700359,740.0367250371978,-1336.142047663161,-0.8693505510758069,False,1555.6658181083942,1547.3828524791297,-8.282965629264481,34,34,34,2629.8846153846152,4042.25,1412.3653846153848,1351.2941176470588,2504.625,1153.3308823529412,1671.0193944730652
anchoring1,age,0.5,0.05,76.78184730067294,1535.6369460134586,2652.4699848024316,2632,1340,1292,2726.585114922464,132.28591682356804,-2594.299198098896,-1.689396184973111,False,1555.6658181083942,1528.2791437549097,-27.386674353484523,34,34,34,2417.0,4227.291666666667,1810.291666666667,1347.142857142857,2438.277777777778,1091.1349206349207,1670.5828567254368
anchoring1,age,0.5,0.1,153.56369460134587,1535.6369460134586,2652.4699848024316,2632,1340,1292,2573.0214203211185,285.8496114249139,-2287.1718088962048,-1.4893961849731112,False,1555.6658181083942,1528.2791437549097,-27.386674353484523,34,34,34,2417.0,4227.291666666667,1810.291666666667,1347.142857142857,2438.277777777778,1091.1349206349207,1670.5828567254368
anchoring1,age,0.5,0.15,230.34554190201877,1535.6369460134586,2652.4699848024316,2632,1340,1292,2419.4577257197725,439.4133060262597,-1980.0444196935127,-1.289396184973111,False,1555.6658181083942,1528.2791437549097,-27.386674353484523,34,34,34,2417.0,4227.291666666667,1810.291666666667,1347.142857142857,2438.277777777778,1091.1349206349207,1670.5828567254368
anchoring1,age,0.5,0.2,307.12738920269175,1535.6369460134586,2652.4699848024316,2632,1340,1292,2265.8940311184265,592.9770006276057,-1672.9170304908207,-1.0893961849731109,False,1555.6658181083942,1528.2791437549097,-27.386674353484523,34,34,34,2417.0,4227.291666666667,1810.291666666667,1347.142857142857,2438.277777777778,1091.1349206349207,1670.5828567254368
anchoring1,age,1.0,0.05,76.94430741455223,1538.8861482910445,2616.9834150018846,2653,1314,1339,2858.18709945661,178.164805305295,-2680.0222941513152,-1.741533834148497,False,1555.6658181083942,1552.8017276460885,-2.8640904623057395,34,34,34,2516.8,4243.535714285715,1726.7357142857145,1231.46,2492.5238095238096,1261.0638095238096,1716.5148296422333
anchoring1,age,1.0,0.1,153.88861482910445,1538.8861482910445,2616.9834150018846,2653,1314,1339,2704.298484627506,332.05342013439946,-2372.2450644931064,-1.541533834148497,False,1555.6658181083942,1552.8017276460885,-2.8640904623057395,34,34,34,2516.8,4243.535714285715,1726.7357142857145,1231.46,2492.5238095238096,1261.0638095238096,1716.5148296422333
anchoring1,age,1.0,0.15,230.83292224365667,1538.8861482910445,2616.9834150018846,2653,1314,1339,2550.4098697984014,485.9420349635039,-2064.4678348348975,-1.341533834148497,False,1555.6658181083942,1552.8017276460885,-2.8640904623057395,34,34,34,2516.8,4243.535714285715,1726.7357142857145,1231.46,2492.5238095238096,1261.0638095238096,1716.5148296422333
anchoring1,age,1.0,0.2,307.7772296582089,1538.8861482910445,2616.9834150018846,2653,1314,1339,2396.521254969297,639.8306497926084,-1756.6906051766887,-1.141533834148497,False,1555.6658181083942,1552.8017276460885,-2.8640904623057395,34,34,34,2516.8,4243.535714285715,1726.7357142857145,1231.46,2492.5238095238096,1261.0638095238096,1716.5148296422333
anchoring1,gender,0.25,0.05,77.05625232475741,1541.1250464951481,2703.571268237935,2673,1401,1272,3004.5396692635286,608.7292809653044,-2395.810388298224,-1.5545853295596068,False,1555.6658181083942,1535.2324502040324,-20.43336790436183,36,36,36,2993.2105263157896,4113.0,1119.7894736842104,954.3478260869565,2538.59375,1584.2459239130435,1712.1817084368688
anchoring1,gender,0.25,0.1,154.11250464951482,1541.1250464951481,2703.571268237935,2673,1401,1272,2850.4271646140137,762.8417856148192,-2087.5853789991943,-1.3545853295596066,False,1555.6658181083942,1535.2324502040324,-20.43336790436183,36,36,36,2993.2105263157896,4113.0,1119.7894736842104,954.3478260869565,2538.59375,1584.2459239130435,1712.1817084368688
anchoring1,gender,0.25,0.15,231.1687569742722,1541.1250464951481,2703.571268237935,2673,1401,1272,2696.3146599644992,916.9542902643341,-1779.3603697001652,-1.154585329559607,False,1555.6658181083942,1535.2324502040324,-20.43336790436183,36,36,36,2993.2105263157896,4113.0,1119.7894736842104,954.3478260869565,2538.59375,1584.2459239130435,1712.1817084368688
anchoring1,gender,0.25,0.2,308.22500929902964,1541.1250464951481,2703.571268237935,2673,1401,1272,2542.2021553149843,1071.0667949138488,-1471.1353604011356,-0.954585329559607,False,1555.6658181083942,1535.2324502040324,-20.43336790436183,36,36,36,2993.2105263157896,4113.0,1119.7894736842104,954.3478260869565,2538.59375,1584.2459239130435,1712.1817084368688
anchoring1,gender,0.5,0.05,76.99073227737412,1539.8146455474823,2698.932422451994,2708,1415,1293,3025.495808172525,672.3762013968537,-2353.119606775671,-1.528183676898993,False,1555.6658181083942,1568.5626999417902,12.896881833396037,35,35,35,3107.3947368421054,4131.25,1023.8552631578946,951.7727272727273,2589.0,1637.2272727272727,1729.321191619835
anchoring1,gender,0.5,0.1,153.98146455474824,1539.8146455474823,2698.932422451994,2708,1415,1293,2871.5143436177764,826.3576659516019,-2045.1566776661743,-1.3281836768989927,False,1555.6658181083942,1568.5626999417902,12.896881833396037,35,35,35,3107.3947368421054,4131.25,1023.8552631578946,951.7727272727273,2589.0,1637.2272727272727,1729.321191619835
anchoring1,gender,0.5,0.15,230.97219683212234,1539.8146455474823,2698.932422451994,2708,1415,1293,2717.5328790630283,980.3391305063501,-1737.1937485566782,-1.128183676898993,False,1555.6658181083942,1568.5626999417902,12.896881833396037,35,35,35,3107.3947368421054,4131.25,1023.8552631578946,951.7727272727273,2589.0,1637.2272727272727,1729.321191619835
anchoring1,gender,0.5,0.2,307.9629291094965,1539.8146455474823,2698.932422451994,2708,1415,1293,2563.55141450828,1134.3205950610984,-1429.2308194471814,-0.9281836768989927,False,1555.6658181083942,1568.5626999417902,12.896881833396037,35,35,35,3107.3947368421054,4131.25,1023.8552631578946,951.7727272727273,2589.0,1637.2272727272727,1729.321191619835
anchoring1,gender,1.0,0.05,77.22635415900066,1544.5270831800133,2727.7781273131013,2702,1445,1257,2971.6688331839746,541.2839583180015,-2430.384874865973,-1.573546298626292,False,1555.6658181083942,1601.8392198154006,46.173401707006406,34,34,34,3074.8,4086.8260869565215,1012.0260869565213,960.7045454545455,2687.96875,1727.2642045454545,1724.9403204885084
anchoring1,gender,1.0,0.1,154.45270831800133,1544.5270831800133,2727.7781273131013,2702,1445,1257,2817.216124865973,695.7366666360028,-2121.47945822997,-1.3735462986262919,False,1555.6658181083942,1601.8392198154006,46.173401707006406,34,34,34,3074.8,4086.8260869565215,1012.0260869565213,960.7045454545455,2687.96875,1727.2642045454545,1724.9403204885084
anchoring1,gender,1.0,0.15,231.679062477002,1544.5270831800133,2727.7781273131013,2702,1445,1257,2662.763416547972,850.1893749540042,-1812.574041593968,-1.1735462986262923,False,1555.6658181083942,1601.8392198154006,46.173401707006406,34,34,34,3074.8,4086.8260869565215,1012.0260869565213,960.7045454545455,2687.96875,1727.2642045454545,1724.9403204885084
anchoring1,gender,1.0,0.2,308.90541663600266,1544.5270831800133,2727.7781273131013,2702,1445,1257,2508.3107082299707,1004.6420832720055,-1503.6686249579652,-0.9735462986262922,False,1555.6658181083942,1601.8392198154006,46.173401707006406,34,34,34,3074.8,4086.8260869565215,1012.0260869565213,960.7045454545455,2687.96875,1727.2642045454545,1724.9403204885084
anchoring1,demo_basic,0.25,0.05,76.6248004853208,1532.496009706416,2649.465594614809,2674,1358,1316,2951.4581284979577,371.0412676373081,-2580.4168608606496,-1.6838000520177447,False,1555.6658181083942,1560.0576058346128,4.391787726218581,36,36,36,2575.7916666666665,4059.0555555555557,1483.2638888888891,954.3478260869565,2358.0,1403.6521739130435,1713.3140534162433
anchoring1,demo_basic,0.25,0.1,153.2496009706416,1532.496009706416,2649.465594614809,2674,1358,1316,2798.2085275273157,524.2908686079497,-2273.9176589193657,-1.4838000520177443,False,1555.6658181083942,1560.0576058346128,4.391787726218581,36,36,36,2575.7916666666665,4059.0555555555557,1483.2638888888891,954.3478260869565,2358.0,1403.6521739130435,1713.3140534162433
anchoring1,demo_basic,0.25,0.15,229.8744014559624,1532.496009706416,2649.465594614809,2674,1358,1316,2644.958926556674,677.5404695785913,-1967.4184569780828,-1.2838000520177444,False,1555.6658181083942,1560.0576058346128,4.391787726218581,36,36,36,2575.7916666666665,4059.0555555555557,1483.2638888888891,954.3478260869565,2358.0,1403.6521739130435,1713.3140534162433
anchoring1,demo_basic,0.25,0.2,306.4992019412832,1532.496009706416,2649.465594614809,2674,1358,1316,2491.7093255860327,830.790070549233,-1660.9192550367998,-1.0838000520177447,False,1555.6658181083942,1560.0576058346128,4.391787726218581,36,36,36,2575.7916666666665,4059.0555555555557,1483.2638888888891,954.3478260869565,2358.0,1403.6521739130435,1713.3140534162433
anchoring1,demo_basic,0.5,0.05,76.76062669294299,1535.2125338588598,2628.3799551234106,2674,1353,1321,3012.829236810192,240.1576170222495,-2772.6716197879423,-1.8060506663651619,False,1555.6658181083942,1575.7281612118304,20.062343103436206,36,36,36,2444.6363636363635,4123.058823529412,1678.4224598930482,956.7083333333334,2358.0,1401.2916666666665,1713.5532927879196
anchoring1,demo_basic,0.5,0.1,153.52125338588598,1535.2125338588598,2628.3799551234106,2674,1353,1321,2859.3079834243063,393.6788704081355,-2465.629113016171,-1.6060506663651621,False,1555.6658181083942,1575.7281612118304,20.062343103436206,36,36,36,2444.6363636363635,4123.058823529412,1678.4224598930482,956.7083333333334,2358.0,1401.2916666666665,1713.5532927879196
anchoring1,demo_basic,0.5,0.15,230.28188007882898,1535.2125338588598,2628.3799551234106,2674,1353,1321,2705.7867300384205,547.2001237940215,-2158.5866062443993,-1.4060506663651624,False,1555.6658181083942,1575.7281612118304,20.062343103436206,36,36,36,2444.6363636363635,4123.058823529412,1678.4224598930482,956.7083333333334,2358.0,1401.2916666666665,1713.5532927879196
anchoring1,demo_basic,0.5,0.2,307.04250677177197,1535.2125338588598,2628.3799551234106,2674,1353,1321,2552.2654766525343,700.7213771799074,-1851.5440994726268,-1.206050666365162,False,1555.6658181083942,1575.7281612118304,20.062343103436206,36,36,36,2444.6363636363635,4123.058823529412,1678.4224598930482,956.7083333333334,2358.0,1401.2916666666665,1713.5532927879196
anchoring1,demo_basic,1.0,0.05,76.95145960415401,1539.02919208308,2622.6753197893154,2658,1334,1324,3080.5650295096407,816.1646075199965,-2264.400421989644,-1.4713173951721945,False,1555.6658181083942,1639.7013479665002,84.03552985810597,34,34,34,3070.2045454545455,4190.884615384615,1120.6800699300697,956.4166666666666,2407.942857142857,1451.5261904761905,1809.4384012638072
anchoring1,demo_basic,1.0,0.1,153.90291920830802,1539.02919208308,2622.6753197893154,2658,1334,1324,2926.6621103013326,970.0675267283045,-1956.594583573028,-1.2713173951721943,False,1555.6658181083942,1639.7013479665002,84.03552985810597,34,34,34,3070.2045454545455,4190.884615384615,1120.6800699300697,956.4166666666666,2407.942857142857,1451.5261904761905,1809.4384012638072
anchoring1,demo_basic,1.0,0.15,230.854378812462,1539.02919208308,2622.6753197893154,2658,1334,1324,2772.7591910930246,1123.9704459366124,-1648.7887451564122,-1.0713173951721944,False,1555.6658181083942,1639.7013479665002,84.03552985810597,34,34,34,3070.2045454545455,4190.884615384615,1120.6800699300697,956.4166666666666,2407.942857142857,1451.5261904761905,1809.4384012638072
anchoring1,demo_basic,1.0,0.2,307.80583841661604,1539.02919208308,2622.6753197893154,2658,1334,1324,2618.8562718847165,1277.8733651449206,-1340.982906739796,-0.8713173951721943,False,1555.6658181083942,1639.7013479665002,84.03552985810597,34,34,34,3070.2045454545455,4190.884615384615,1120.6800699300697,956.4166666666666,2407.942857142857,1451.5261904761905,1809.4384012638072
gainloss,age,0.25,0.05,0.024971377424893446,0.4994275484978689,1.5255498059508408,3092,1516,1576,0.6662226586840475,-0.22505724515021303,-0.8912799038342605,-1.7846030050103727,False,0.2867651053248066,0.30964634424011894,0.022881238915312352,36,36,36,1.35,1.894736842105263,0.544736842105263,1.1785714285714286,1.625,0.4464285714285714,0.3175980921159369
gainloss,age,0.25,0.1,0.04994275484978689,0.4994275484978689,1.5255498059508408,3092,1516,1576,0.6162799038342607,-0.17511449030042614,-0.7913943941346868,-1.584603005010373,False,0.2867651053248066,0.30964634424011894,0.022881238915312352,36,36,36,1.35,1.894736842105263,0.544736842105263,1.1785714285714286,1.625,0.4464285714285714,0.3175980921159369
gainloss,age,0.25,0.15,0.07491413227468033,0.4994275484978689,1.5255498059508408,3092,1516,1576,0.5663371489844737,-0.12517173545063925,-0.6915088844351129,-1.3846030050103726,False,0.2867651053248066,0.30964634424011894,0.022881238915312352,36,36,36,1.35,1.894736842105263,0.544736842105263,1.1785714285714286,1.625,0.4464285714285714,0.3175980921159369
gainloss,age,0.25,0.2,0.09988550969957379,0.4994275484978689,1.5255498059508408,3092,1516,1576,0.5163943941346869,-0.07522898060085234,-0.5916233747355393,-1.1846030050103729,False,0.2867651053248066,0.30964634424011894,0.022881238915312352,36,36,36,1.35,1.894736842105263,0.544736842105263,1.1785714285714286,1.625,0.4464285714285714,0.3175980921159369
gainloss,age,0.5,0.05,0.024977495390714383,0.49954990781428765,1.5230273752012882,3105,1507,1598,0.6595966661386492,-0.22504500921857115,-0.8846416753572204,-1.7708774669338827,False,0.2867651053248066,0.30918375906180007,0.022418653736993477,36,36,36,1.35,1.894736842105263,0.544736842105263,1.1851851851851851,1.625,0.4398148148148149,0.31763216593321686
gainloss,age,0.5,0.1,0.04995499078142877,0.49954990781428765,1.5230273752012882,3105,1507,1598,0.6096416753572204,-0.1750900184371424,-0.7847316937943627,-1.5708774669338825,False,0.2867651053248066,0.30918375906180007,0.022418653736993477,36,36,36,1.35,1.894736842105263,0.544736842105263,1.1851851851851851,1.625,0.4398148148148149,0.31763216593321686
gainloss,age,0.5,0.15,0.07493248617214314,0.49954990781428765,1.5230273752012882,3105,1507,1598,0.5596866845757916,-0.12513502765571363,-0.6848217122315052,-1.3708774669338826,False,0.2867651053248066,0.30918375906180007,0.022418653736993477,36,36,36,1.35,1.894736842105263,0.544736842105263,1.1851851851851851,1.625,0.4398148148148149,0.31763216593321686
gainloss,age,0.5,0.2,0.09990998156285753,0.49954990781428765,1.5230273752012882,3105,1507,1598,0.5097316937943629,-0.07518003687428484,-0.5849117306686478,-1.1708774669338828,False,0.2867651053248066,0.30918375906180007,0.022418653736993477,36,36,36,1.35,1.894736842105263,0.544736842105263,1.1851851851851851,1.625,0.4398148148148149,0.31763216593321686
gainloss,age,1.0,0.05,0.024991244747950947,0.49982489495901894,1.515993537964459,3095,1444,1651,0.7357317962183839,-0.23122267549692432,-0.9669544717153082,-1.9345864551116239,False,0.2867651053248066,0.3179396017858731,0.031174496461066514,34,34,34,1.3529411764705883,2.0,0.6470588235294117,1.2142857142857142,1.6341463414634145,0.41986062717770034,0.30369098200569544
gainloss,age,1.0,0.1,0.049982489495901894,0.49982489495901894,1.515993537964459,3095,1444,1651,0.685749306722482,-0.18124018600102243,-0.8669894927235045,-1.734586455111624,False,0.2867651053248066,0.3179396017858731,0.031174496461066514,34,34,34,1.3529411764705883,2.0,0.6470588235294117,1.2142857142857142,1.6341463414634145,0.41986062717770034,0.30369098200569544
gainloss,age,1.0,0.15,0.07497373424385284,0.49982489495901894,1.515993537964459,3095,1444,1651,0.6357668172265801,-0.13125769650512054,-0.7670245137317007,-1.534586455111624,False,0.2867651053248066,0.3179396017858731,0.031174496461066514,34,34,34,1.3529411764705883,2.0,0.6470588235294117,1.2142857142857142,1.6341463414634145,0.41986062717770034,0.30369098200569544
gainloss,age,1.0,0.2,0.09996497899180379,0.49982489495901894,1.515993537964459,3095,1444,1651,0.5857843277306782,-0.08127520700921864,-0.6670595347398969,-1.334586455111624,False,0.2867651053248066,0.3179396017858731,0.031174496461066514,34,34,34,1.3529411764705883,2.0,0.6470588235294117,1.2142857142857142,1.6341463414634145,0.41986062717770034,0.30369098200569544
gainloss,gender,0.25,0.05,0.024977329117811725,0.49954658235623445,1.523029366306028,3235,1587,1648,0.6739510656701007,-0.17385486557390023,-0.8478059312440009,-1.697150898811309,False,0.2867651053248066,0.2782471812848326,-0.008517924039973979,36,36,36,1.3,1.9090909090909092,0.6090909090909091,1.1851851851851851,1.5238095238095237,0.3386243386243386,0.2831450251581733
gainloss,gender,0.25,0.1,0.04995465823562345,0.49954658235623445,1.523029366306028,3235,1587,1648,0.6239964074344772,-0.12390020733827678,-0.7478966147727539,-1.497150898811309,False,0.2867651053248066,0.2782471812848326,-0.008517924039973979,36,36,36,1.3,1.9090909090909092,0.6090909090909091,1.1851851851851851,1.5238095238095237,0.3386243386243386,0.2831450251581733
gainloss,gender,0.25,0.15,0.07493198735343516,0.49954658235623445,1.523029366306028,3235,1587,1648,0.5740417491988538,-0.07394554910265336,-0.6479872983015071,-1.297150898811309,False,0.2867651053248066,0.2782471812848326,-0.008517924039973979,36,36,36,1.3,1.9090909090909092,0.6090909090909091,1.1851851851851851,1.5238095238095237,0.3386243386243386,0.2831450251581733
gainloss,gender,0.25,0.2,0.0999093164712469,0.49954658235623445,1.523029366306028,3235,1587,1648,0.5240870909632303,-0.02399089086702988,-0.5480779818302601,-1.0971508988113088,False,0.2867651053248066,0.2782471812848326,-0.008517924039973979,36,36,36,1.3,1.9090909090909092,0.6090909090909091,1.1851851851851851,1.5238095238095237,0.3386243386243386,0.2831450251581733
gainloss,gender,0.5,0.05,0.024977738585880947,0.4995547717176189,1.5228615863141524,3215,1589,1626,0.6365247093084248,-0.033377856161571365,-0.6699025654699962,-1.3409992325099218,False,0.2867651053248066,0.27396840362362074,-0.012796701701185853,36,36,36,1.4166666666666667,1.878787878787879,0.46212121212121215,1.1923076923076923,1.5,0.3076923076923077,0.280132846756711
gainloss,gender,0.5,0.1,0.049955477171761895,0.4995547717176189,1.5228615863141524,3215,1589,1626,0.5865692321366628,0.01657762101019053,-0.5699916111264722,-1.1409992325099214,False,0.2867651053248066,0.27396840362362074,-0.012796701701185853,36,36,36,1.4166666666666667,1.878787878787879,0.46212121212121215,1.1923076923076923,1.5,0.3076923076923077,0.280132846756711
gainloss,gender,0.5,0.15,0.07493321575764283,0.4995547717176189,1.5228615863141524,3215,1589,1626,0.5366137549649009,0.06653309818195241,-0.4700806567829485,-0.9409992325099217,False,0.2867651053248066,0.27396840362362074,-0.012796701701185853,36,36,36,1.4166666666666667,1.878787878787879,0.46212121212121215,1.1923076923076923,1.5,0.3076923076923077,0.280132846756711
gainloss,gender,0.5,0.2,0.09991095434352379,0.4995547717176189,1.5228615863141524,3215,1589,1626,0.486658277793139,0.11648857535371432,-0.3701697024394247,-0.7409992325099216,False,0.2867651053248066,0.27396840362362074,-0.012796701701185853,36,36,36,1.4166666666666667,1.878787878787879,0.46212121212121215,1.1923076923076923,1.5,0.3076923076923077,0.280132846756711
gainloss,gender,1.0,0.05,0.024979608809492647,0.4995921761898529,1.5220381369177869,3199,1616,1583,0.6265113706163089,-0.012785880420230392,-0.6392972510365393,-1.2796382359550729,False,0.2867651053248066,0.2730973586935448,-0.013667746631261801,36,36,36,1.4666666666666666,1.8529411764705883,0.38627450980392175,1.1764705882352942,1.5294117647058822,0.3529411764705881,0.2829602275864711
gainloss,gender,1.0,0.1,0.049959217618985294,0.4995921761898529,1.5220381369177869,3199,1616,1583,0.5765521529973235,0.0371733371987549,-0.5393788157985686,-1.0796382359550727,False,0.2867651053248066,0.2730973586935448,-0.013667746631261801,36,36,36,1.4666666666666666,1.8529411764705883,0.38627450980392175,1.1764705882352942,1.5294117647058822,0.3529411764705881,0.2829602275864711
gainloss,gender,1.0,0.15,0.07493882642847793,0.4995921761898529,1.5220381369177869,3199,1616,1583,0.5265929353783383,0.08713255481774018,-0.4394603805605981,-0.8796382359550727,False,0.2867651053248066,0.2730973586935448,-0.013667746631261801,36,36,36,1.4666666666666666,1.8529411764705883,0.38627450980392175,1.1764705882352942,1.5294117647058822,0.3529411764705881,0.2829602275864711
gainloss,gender,1.0,0.2,0.09991843523797059,0.4995921761898529,1.5220381369177869,3199,1616,1583,0.476633717759353,0.1370917724367255,-0.3395419453226275,-0.6796382359550727,False,0.2867651053248066,0.2730973586935448,-0.013667746631261801,36,36,36,1.4666666666666666,1.8529411764705883,0.38627450980392175,1.1764705882352942,1.5294117647058822,0.3529411764705881,0.2829602275864711
gainloss,demo_basic,0.25,0.05,0.02498319521737269,0.4996639043474537,1.5203506574827803,3194,1549,1645,0.6126680181674051,-0.07727375293443028,-0.6899417711018354,-1.3808117118303331,False,0.2867651053248066,0.292031921761466,0.005266816436659383,35,35,35,1.3888888888888888,1.8709677419354838,0.4820788530465949,1.2083333333333333,1.5161290322580645,0.30779569892473124,0.29449691530318023
gainloss,demo_basic,0.25,0.1,0.04996639043474538,0.4996639043474537,1.5203506574827803,3194,1549,1645,0.5627016277326597,-0.027307362499684906,-0.5900089902323447,-1.1808117118303332,False,0.2867651053248066,0.292031921761466,0.005266816436659383,35,35,35,1.3888888888888888,1.8709677419354838,0.4820788530465949,1.2083333333333333,1.5161290322580645,0.30779569892473124,0.29449691530318023
gainloss,demo_basic,0.25,0.15,0.07494958565211805,0.4996639043474537,1.5203506574827803,3194,1549,1645,0.5127352372979144,0.022659027935060444,-0.4900762093628539,-0.9808117118303331,False,0.2867651053248066,0.292031921761466,0.005266816436659383,35,35,35,1.3888888888888888,1.8709677419354838,0.4820788530465949,1.2083333333333333,1.5161290322580645,0.30779569892473124,0.29449691530318023
gainloss,demo_basic,0.25,0.2,0.09993278086949076,0.4996639043474537,1.5203506574827803,3194,1549,1645,0.462768846863169,0.07262541836980585,-0.39014342849336314,-0.780811711830333,False,0.2867651053248066,0.292031921761466,0.005266816436659383,35,35,35,1.3888888888888888,1.8709677419354838,0.4820788530465949,1.2083333333333333,1.5161290322580645,0.30779569892473124,0.29449691530318023
gainloss,demo_basic,0.5,0.05,0.0249900668013916,0.499801336027832,1.5166200683442064,3219,1558,1661,0.6470745648544396,-0.028280735962434182,-0.6753553008168738,-1.3512474900212468,False,0.2867651053248066,0.29866668624542947,0.011901580920622878,35,35,35,1.4,1.8709677419354838,0.47096774193548385,1.173913043478261,1.4782608695652173,0.3043478260869563,0.2885592455237844
gainloss,demo_basic,0.5,0.1,0.0499801336027832,0.499801336027832,1.5166200683442064,3219,1558,1661,0.5970944312516564,0.02169939764034902,-0.5753950336113074,-1.1512474900212468,False,0.2867651053248066,0.29866668624542947,0.011901580920622878,35,35,35,1.4,1.8709677419354838,0.47096774193548385,1.173913043478261,1.4782608695652173,0.3043478260869563,0.2885592455237844
gainloss,demo_basic,0.5,0.15,0.07497020040417479,0.499801336027832,1.5166200683442064,3219,1558,1661,0.5471142976488732,0.0716795312431322,-0.475434766405741,-0.951247490021247,False,0.2867651053248066,0.29866668624542947,0.011901580920622878,35,35,35,1.4,1.8709677419354838,0.47096774193548385,1.173913043478261,1.4782608695652173,0.3043478260869563,0.2885592455237844
gainloss,demo_basic,0.5,0.2,0.0999602672055664,0.499801336027832,1.5166200683442064,3219,1558,1661,0.49713416404609,0.12165966484591542,-0.3754744992001746,-0.7512474900212469,False,0.2867651053248066,0.29866668624542947,0.011901580920622878,35,35,35,1.4,1.8709677419354838,0.47096774193548385,1.173913043478261,1.4782608695652173,0.3043478260869563,0.2885592455237844
gainloss,demo_basic,1.0,0.05,0.02498736412664506,0.4997472825329012,1.5181932245922207,3188,1543,1645,0.6318434535648916,-0.11556581228725045,-0.7474092658521421,-1.495574447276631,False,0.2867651053248066,0.29695122792018847,0.010186122595381875,35,35,35,1.375,1.8484848484848484,0.4734848484848484,1.1666666666666667,1.5405405405405406,0.37387387387387383,0.2863764392947328
gainloss,demo_basic,1.0,0.1,0.04997472825329012,0.4997472825329012,1.5181932245922207,3188,1543,1645,0.5818687253116014,-0.06559108403396033,-0.6474598093455617,-1.2955744472766308,False,0.2867651053248066,0.29695122792018847,0.010186122595381875,35,35,35,1.375,1.8484848484848484,0.4734848484848484,1.1666666666666667,1.5405405405405406,0.37387387387387383,0.2863764392947328
gainloss,demo_basic,1.0,0.15,0.07496209237993517,0.4997472825329012,1.5181932245922207,3188,1543,1645,0.5318939970583113,-0.015616355780670221,-0.5475103528389815,-1.095574447276631,False,0.2867651053248066,0.29695122792018847,0.010186122595381875,35,35,35,1.375,1.8484848484848484,0.4734848484848484,1.1666666666666667,1.5405405405405406,0.37387387387387383,0.2863764392947328
gainloss,demo_basic,1.0,0.2,0.09994945650658024,0.4997472825329012,1.5181932245922207,3188,1543,1645,0.4819192688050212,0.034358372472619914,-0.44756089633240126,-0.8955744472766308,False,0.2867651053248066,0.29695122792018847,0.010186122595381875,35,35,35,1.375,1.8484848484848484,0.4734848484848484,1.1666666666666667,1.5405405405405406,0.37387387387387383,0.2863764392947328
flag,age,0.25,0.05,0.05065788881526302,1.0131577763052604,3.1039447512171954,3208,1595,1613,1.6157829587938684,-1.9093498067850587,-3.525132765578927,-3.4793522272851,False,0.0284647210722925,-0.04513438866753505,-0.07359910973982756,36,36,36,2.2478571428571428,4.006161236424394,1.7583040935672516,2.2890625,4.2585227272727275,1.9694602272727275,-0.028397822976507392
flag,age,0.25,0.1,0.10131577763052604,1.0131577763052604,3.1039447512171954,3208,1595,1613,1.5144671811633423,-1.8080340291545327,-3.322501210317875,-3.2793522272851003,False,0.0284647210722925,-0.04513438866753505,-0.07359910973982756,36,36,36,2.2478571428571428,4.006161236424394,1.7583040935672516,2.2890625,4.2585227272727275,1.9694602272727275,-0.028397822976507392
flag,age,0.25,0.15,0.15197366644578905,1.0131577763052604,3.1039447512171954,3208,1595,1613,1.4131514035328163,-1.7067182515240067,-3.119869655056823,-3.0793522272851,False,0.0284647210722925,-0.04513438866753505,-0.07359910973982756,36,36,36,2.2478571428571428,4.006161236424394,1.7583040935672516,2.2890625,4.2585227272727275,1.9694602272727275,-0.028397822976507392
flag,age,0.25,0.2,0.2026315552610521,1.0131577763052604,3.1039447512171954,3208,1595,1613,1.3118356259022903,-1.6054024738934807,-2.917238099795771,-2.8793522272851004,False,0.0284647210722925,-0.04513438866753505,-0.07359910973982756,36,36,36,2.2478571428571428,4.006161236424394,1.7583040935672516,2.2890625,4.2585227272727275,1.9694602272727275,-0.028397822976507392
flag,age,0.5,0.05,0.050552409423882075,1.0110481884776414,3.105490460008532,3237,1599,1638,1.6250656156560033,-1.9222433954379499,-3.547309011093953,-3.5085459343290233,False,0.0284647210722925,-0.04609664274298497,-0.07456136381527748,36,36,36,2.2478571428571428,4.022707231040564,1.7748500881834213,2.2965367965367967,4.271205357142857,1.97466856060606,-0.016410920085584646
flag,age,0.5,0.1,0.10110481884776415,1.0110481884776414,3.105490460008532,3237,1599,1638,1.5239607968082391,-1.8211385765901857,-3.345099373398425,-3.3085459343290236,False,0.0284647210722925,-0.04609664274298497,-0.07456136381527748,36,36,36,2.2478571428571428,4.022707231040564,1.7748500881834213,2.2965367965367967,4.271205357142857,1.97466856060606,-0.016410920085584646
flag,age,0.5,0.15,0.1516572282716462,1.0110481884776414,3.105490460008532,3237,1599,1638,1.422855977960475,-1.7200337577424216,-3.1428897357028966,-3.1085459343290234,False,0.0284647210722925,-0.04609664274298497,-0.07456136381527748,36,36,36,2.2478571428571428,4.022707231040564,1.7748500881834213,2.2965367965367967,4.271205357142857,1.97466856060606,-0.016410920085584646
flag,age,0.5,0.2,0.2022096376955283,1.0110481884776414,3.105490460008532,3237,1599,1638,1.321751159112711,-1.6189289388946575,-2.9406800980073684,-2.9085459343290236,False,0.0284647210722925,-0.04609664274298497,-0.07456136381527748,36,36,36,2.2478571428571428,4.022707231040564,1.7748500881834213,2.2965367965367967,4.271205357142857,1.97466856060606,-0.016410920085584646
flag,age,1.0,0.05,0.05103618911739208,1.0207237823478414,3.099736658831723,3282,1568,1714,1.7337571148527737,-1.8664691446545651,-3.600226259507339,-3.527130769135402,False,0.0284647210722925,-0.060427099244432014,-0.08889182031672452,34,34,34,2.2748447204968945,4.178571428571429,1.9037267080745344,2.342741935483871,4.243386243386244,1.9006443079023727,0.00852886093422578
flag,age,1.0,0.1,0.10207237823478416,1.0207237823478414,3.099736658831723,3282,1568,1714,1.6316847366179896,-1.764396766419781,-3.3960815030377707,-3.3271307691354024,False,0.0284647210722925,-0.060427099244432014,-0.08889182031672452,34,34,34,2.2748447204968945,4.178571428571429,1.9037267080745344,2.342741935483871,4.243386243386244,1.9006443079023727,0.00852886093422578
flag,age,1.0,0.15,0.1531085673521762,1.0207237823478414,3.099736658831723,3282,1568,1714,1.5296123583832055,-1.662324388184997,-3.1919367465682025,-3.127130769135402,False,0.0284647210722925,-0.060427099244432014,-0.08889182031672452,34,34,34,2.2748447204968945,4.178571428571429,1.9037267080745344,2.342741935483871,4.243386243386244,1.9006443079023727,0.00852886093422578
flag,age,1.0,0.2,0.2041447564695683,1.0207237823478414,3.099736658831723,3282,1568,1714,1.4275399801484212,-1.5602520099502126,-2.987791990098634,-2.927130769135402,False,0.0284647210722925,-0.060427099244432014,-0.08889182031672452,34,34,34,2.2748447204968945,4.178571428571429,1.9037267080745344,2.342741935483871,4.243386243386244,1.9006443079023727,0.00852886093422578
flag,gender,0.25,0.05,0.05084500031986022,1.0169000063972045,3.082151251526251,3120,1537,1583,1.665728545726194,-1.8504055280687117,-3.516134073794906,-3.457698939596124,False,0.0284647210722925,0.0278527610735968,-0.0006119599986957013,36,36,36,2.1733870967741935,4.140037593984962,1.9666504972107686,2.3726190476190476,4.125482625482626,1.752863577863578,0.02991411429758095
flag,gender,0.25,0.1,0.10169000063972045,1.0169000063972045,3.082151251526251,3120,1537,1583,1.5640385450864736,-1.7487155274289912,-3.3127540725154647,-3.257698939596124,False,0.0284647210722925,0.0278527610735968,-0.0006119599986957013,36,36,36,2.1733870967741935,4.140037593984962,1.9666504972107686,2.3726190476190476,4.125482625482626,1.752863577863578,0.02991411429758095
flag,gender,0.25,0.15,0.15253500095958067,1.0169000063972045,3.082151251526251,3120,1537,1583,1.462348544446753,-1.6470255267892706,-3.1093740712360236,-3.057698939596124,False,0.0284647210722925,0.0278527610735968,-0.0006119599986957013,36,36,36,2.1733870967741935,4.140037593984962,1.9666504972107686,2.3726190476190476,4.125482625482626,1.752863577863578,0.02991411429758095
flag,gender,0.25,0.2,0.2033800012794409,1.0169000063972045,3.082151251526251,3120,1537,1583,1.3606585438070327,-1.5453355261495503,-2.905994069956583,-2.857698939596124,False,0.0284647210722925,0.0278527610735968,-0.0006119599986957013,36,36,36,2.1733870967741935,4.140037593984962,1.9666504972107686,2.3726190476190476,4.125482625482626,1.752863577863578,0.02991411429758095
flag,gender,0.5,0.05,0.05102963515686035,1.0205927031372068,3.0842198095238094,3125,1543,1582,1.6231177617059835,-1.8082616109123328,-3.4313793726183164,-3.362143744581532,False,0.0284647210722925,0.02267784900595826,-0.005786872066334239,36,36,36,2.211206896551724,4.114955357142857,1.9037484605911326,2.3897783251231526,4.121527777777778,1.731749452654625,0.005617990598461908
flag,gender,0.5,0.1,0.1020592703137207,1.0205927031372068,3.0842198095238094,3125,1543,1582,1.521058491392263,-1.7062023405986122,-3.227260831990875,-3.162143744581532,False,0.0284647210722925,0.02267784900595826,-0.005786872066334239,36,36,36,2.211206896551724,4.114955357142857,1.9037484605911326,2.3897783251231526,4.121527777777778,1.731749452654625,0.005617990598461908
flag,gender,0.5,0.15,0.15308890547058102,1.0205927031372068,3.0842198095238094,3125,1543,1582,1.418999221078542,-1.6041430702848913,-3.0231422913634334,-2.9621437445815317,False,0.0284647210722925,0.02267784900595826,-0.005786872066334239,36,36,36,2.211206896551724,4.114955357142857,1.9037484605911326,2.3897783251231526,4.121527777777778,1.731749452654625,0.005617990598461908
flag,gender,0.5,0.2,0.2041185406274414,1.0205927031372068,3.0842198095238094,3125,1543,1582,1.3169399507648214,-1.5020837999711707,-2.819023750735992,-2.7621437445815316,False,0.0284647210722925,0.02267784900595826,-0.005786872066334239,36,36,36,2.211206896551724,4.114955357142857,1.9037484605911326,2.3897783251231526,4.121527777777778,1.731749452654625,0.005617990598461908
flag,gender,1.0,0.05,0.050524636099204746,1.010492721984095,3.0830655433298038,3103,1583,1520,1.7081011800972037,-1.967959944391452,-3.6760611244886556,-3.6378897586424346,False,0.0284647210722925,0.03353758141801144,0.0050728603457189415,36,36,36,2.1774193548387095,4.1074308755760365,1.930011520737327,2.2982804232804233,4.246428571428571,1.9481481481481477,-0.025268034443279408
flag,gender,1.0,0.1,0.10104927219840949,1.010492721984095,3.0830655433298038,3103,1583,1520,1.6070519078987942,-1.8669106721930424,-3.4739625800918366,-3.4378897586424344,False,0.0284647210722925,0.03353758141801144,0.0050728603457189415,36,36,36,2.1774193548387095,4.1074308755760365,1.930011520737327,2.2982804232804233,4.246428571428571,1.9481481481481477,-0.025268034443279408
flag,gender,1.0,0.15,0.15157390829761422,1.010492721984095,3.0830655433298038,3103,1583,1520,1.5060026357003848,-1.765861399994633,-3.271864035695018,-3.2378897586424347,False,0.0284647210722925,0.03353758141801144,0.0050728603457189415,36,36,36,2.1774193548387095,4.1074308755760365,1.930011520737327,2.2982804232804233,4.246428571428571,1.9481481481481477,-0.025268034443279408
flag,gender,1.0,0.2,0.20209854439681899,1.010492721984095,3.0830655433298038,3103,1583,1520,1.4049533635019753,-1.6648121277962236,-3.069765491298199,-3.0378897586424345,False,0.0284647210722925,0.03353758141801144,0.0050728603457189415,36,36,36,2.1774193548387095,4.1074308755760365,1.930011520737327,2.2982804232804233,4.246428571428571,1.9481481481481477,-0.025268034443279408
flag,demo_basic,0.25,0.05,0.05091826558066534,1.0183653116133067,3.1072486025169637,3186,1561,1625,1.667463307418169,-1.9299415026328324,-3.5974048100510014,-3.5325288175340037,False,0.0284647210722925,-0.02643379396601686,-0.054898515038309365,36,36,36,2.185483870967742,4.104418886198547,1.9189350152308053,2.3351190476190475,4.217261904761905,1.8821428571428576,-0.043560453156958
flag,demo_basic,0.25,0.1,0.10183653116133068,1.0183653116133067,3.1072486025169637,3186,1561,1625,1.5656267762568383,-1.8281049714715016,-3.39373174772834,-3.3325288175340035,False,0.0284647210722925,-0.02643379396601686,-0.054898515038309365,36,36,36,2.185483870967742,4.104418886198547,1.9189350152308053,2.3351190476190475,4.217261904761905,1.8821428571428576,-0.043560453156958
flag,demo_basic,0.25,0.15,0.152754796741996,1.0183653116133067,3.1072486025169637,3186,1561,1625,1.4637902450955078,-1.7262684403101711,-3.190058685405679,-3.132528817534004,False,0.0284647210722925,-0.02643379396601686,-0.054898515038309365,36,36,36,2.185483870967742,4.104418886198547,1.9189350152308053,2.3351190476190475,4.217261904761905,1.8821428571428576,-0.043560453156958
flag,demo_basic,0.25,0.2,0.20367306232266136,1.0183653116133067,3.1072486025169637,3186,1561,1625,1.361953713934177,-1.6244319091488404,-2.9863856230830175,-2.9325288175340036,False,0.0284647210722925,-0.02643379396601686,-0.054898515038309365,36,36,36,2.185483870967742,4.104418886198547,1.9189350152308053,2.3351190476190475,4.217261904761905,1.8821428571428576,-0.043560453156958
flag,demo_basic,0.5,0.05,0.05093214913406368,1.0186429826812735,3.1054387839924,3208,1573,1635,1.7013197951690244,-1.9310463297511962,-3.6323661249202206,-3.565887348832563,False,0.0284647210722925,-0.03758138997505078,-0.06604611104734329,36,36,36,2.236111111111111,4.1234605911330044,1.8873494800218933,2.3202764976958528,4.269021739130435,1.9487452414345818,-0.06039685671790673
flag,demo_basic,0.5,0.1,0.10186429826812736,1.0186429826812735,3.1054387839924,3208,1573,1635,1.599455496900897,-1.8291820314830687,-3.4286375283839656,-3.3658873488325627,False,0.0284647210722925,-0.03758138997505078,-0.06604611104734329,36,36,36,2.236111111111111,4.1234605911330044,1.8873494800218933,2.3202764976958528,4.269021739130435,1.9487452414345818,-0.06039685671790673
flag,demo_basic,0.5,0.15,0.15279644740219103,1.0186429826812735,3.1054387839924,3208,1573,1635,1.4975911986327697,-1.7273177332149414,-3.224908931847711,-3.1658873488325625,False,0.0284647210722925,-0.03758138997505078,-0.06604611104734329,36,36,36,2.236111111111111,4.1234605911330044,1.8873494800218933,2.3202764976958528,4.269021739130435,1.9487452414345818,-0.06039685671790673
flag,demo_basic,0.5,0.2,0.20372859653625472,1.0186429826812735,3.1054387839924,3208,1573,1635,1.3957269003646422,-1.625453434946814,-3.021180335311456,-2.9658873488325623,False,0.0284647210722925,-0.03758138997505078,-0.06604611104734329,36,36,36,2.236111111111111,4.1234605911330044,1.8873494800218933,2.3202764976958528,4.269021739130435,1.9487452414345818,-0.06039685671790673
flag,demo_basic,1.0,0.05,0.05081904023307733,1.0163808046615466,3.095522847826414,3169,1559,1610,1.738637357539236,-1.867749674635886,-3.606387032175122,-3.5482636189455032,False,0.0284647210722925,-0.060351474555296214,-0.08881619562758872,36,36,36,2.25,4.158355795148248,1.908355795148248,2.318080357142857,4.219387755102041,1.9013073979591835,-0.07725435846440165
flag,demo_basic,1.0,0.1,0.10163808046615466,1.0163808046615466,3.095522847826414,3169,1559,1610,1.6369992770730815,-1.7661115941697314,-3.403110871242813,-3.3482636189455035,False,0.0284647210722925,-0.060351474555296214,-0.08881619562758872,36,36,36,2.25,4.158355795148248,1.908355795148248,2.318080357142857,4.219387755102041,1.9013073979591835,-0.07725435846440165
flag,demo_basic,1.0,0.15,0.15245712069923198,1.0163808046615466,3.095522847826414,3169,1559,1610,1.5353611966069267,-1.6644735137035767,-3.1998347103105034,-3.1482636189455033,False,0.0284647210722925,-0.060351474555296214,-0.08881619562758872,36,36,36,2.25,4.158355795148248,1.908355795148248,2.318080357142857,4.219387755102041,1.9013073979591835,-0.07725435846440165
flag,demo_basic,1.0,0.2,0.20327616093230932,1.0163808046615466,3.095522847826414,3169,1559,1610,1.4337231161407722,-1.5628354332374221,-2.9965585493781943,-2.9482636189455036,False,0.0284647210722925,-0.060351474555296214,-0.08881619562758872,36,36,36,2.25,4.158355795148248,1.908355795148248,2.318080357142857,4.219387755102041,1.9013073979591835,-0.07725435846440165
reciprocity,age,0.25,0.05,0.02292219099486731,0.45844381989734617,0.6997422680412371,3104,1503,1601,0.540694079548727,-0.40692923120366864,-0.9476233107523956,-2.0670434841167356,False,0.1339716515824324,0.16290384045566986,0.028932188873237452,35,35,35,0.4782608695652174,0.9615384615384616,0.48327759197324416,0.375,0.9310344827586207,0.5560344827586207,0.13839946433177153
reciprocity,age,0.25,0.1,0.04584438198973462,0.45844381989734617,0.6997422680412371,3104,1503,1601,0.49484969755899233,-0.361084849213934,-0.8559345467729264,-1.8670434841167354,False,0.1339716515824324,0.16290384045566986,0.028932188873237452,35,35,35,0.4782608695652174,0.9615384615384616,0.48327759197324416,0.375,0.9310344827586207,0.5560344827586207,0.13839946433177153
reciprocity,age,0.25,0.15,0.06876657298460193,0.45844381989734617,0.6997422680412371,3104,1503,1601,0.4490053155692577,-0.3152404672241994,-0.7642457827934571,-1.6670434841167354,False,0.1339716515824324,0.16290384045566986,0.028932188873237452,35,35,35,0.4782608695652174,0.9615384615384616,0.48327759197324416,0.375,0.9310344827586207,0.5560344827586207,0.13839946433177153
reciprocity,age,0.25,0.2,0.09168876397946923,0.45844381989734617,0.6997422680412371,3104,1503,1601,0.4031609335795231,-0.2693960852344648,-0.6725570188139879,-1.4670434841167355,False,0.1339716515824324,0.16290384045566986,0.028932188873237452,35,35,35,0.4782608695652174,0.9615384615384616,0.48327759197324416,0.375,0.9310344827586207,0.5560344827586207,0.13839946433177153
reciprocity,age,0.5,0.05,0.022912346929977206,0.4582469385995441,0.7001940491591203,3092,1497,1595,0.537508639473379,-0.43965917710778746,-0.9771678165811665,-2.132404462029806,False,0.1339716515824324,0.17457317979742148,0.04060152821498908,35,35,35,0.45,0.9583333333333334,0.5083333333333333,0.375,0.9354838709677419,0.5604838709677419,0.14518123939979088
reciprocity,age,0.5,0.1,0.04582469385995441,0.4582469385995441,0.7001940491591203,3092,1497,1595,0.49168394561342454,-0.39383448324783304,-0.8855184288612576,-1.9324044620298062,False,0.1339716515824324,0.17457317979742148,0.04060152821498908,35,35,35,0.45,0.9583333333333334,0.5083333333333333,0.375,0.9354838709677419,0.5604838709677419,0.14518123939979088
reciprocity,age,0.5,0.15,0.0687370407899316,0.4582469385995441,0.7001940491591203,3092,1497,1595,0.4458592517534702,-0.34800978938787863,-0.7938690411413488,-1.7324044620298062,False,0.1339716515824324,0.17457317979742148,0.04060152821498908,35,35,35,0.45,0.9583333333333334,0.5083333333333333,0.375,0.9354838709677419,0.5604838709677419,0.14518123939979088
reciprocity,age,0.5,0.2,0.09164938771990883,0.4582469385995441,0.7001940491591203,3092,1497,1595,0.4000345578935157,-0.3021850955279242,-0.70221965342144,-1.5324044620298063,False,0.1339716515824324,0.17457317979742148,0.04060152821498908,35,35,35,0.45,0.9583333333333334,0.5083333333333333,0.375,0.9354838709677419,0.5604838709677419,0.14518123939979088
reciprocity,age,1.0,0.05,0.022984375259157377,0.45968750518314755,0.6968629961587708,3124,1463,1661,0.5222130676635035,-0.3692359278442583,-0.8914489955077618,-1.9392500023523436,False,0.1339716515824324,0.19860759665569705,0.06463594507326464,33,33,33,0.47368421052631576,0.9545454545454546,0.4808612440191388,0.38636363636363635,0.8888888888888888,0.5025252525252525,0.14897080331919432
reciprocity,age,1.0,0.1,0.045968750518314755,0.45968750518314755,0.6968629961587708,3124,1463,1661,0.4762443171451887,-0.32326717732594357,-0.7995114944711323,-1.7392500023523436,False,0.1339716515824324,0.19860759665569705,0.06463594507326464,33,33,33,0.47368421052631576,0.9545454545454546,0.4808612440191388,0.38636363636363635,0.8888888888888888,0.5025252525252525,0.14897080331919432
reciprocity,age,1.0,0.15,0.06895312577747213,0.45968750518314755,0.6968629961587708,3124,1463,1661,0.43027556662687394,-0.27729842680762884,-0.7075739934345028,-1.5392500023523434,False,0.1339716515824324,0.19860759665569705,0.06463594507326464,33,33,33,0.47368421052631576,0.9545454545454546,0.4808612440191388,0.38636363636363635,0.8888888888888888,0.5025252525252525,0.14897080331919432
reciprocity,age,1.0,0.2,0.09193750103662951,0.45968750518314755,0.6968629961587708,3124,1463,1661,0.3843068161085592,-0.23132967628931406,-0.6156364923978732,-1.3392500023523435,False,0.1339716515824324,0.19860759665569705,0.06463594507326464,33,33,33,0.47368421052631576,0.9545454545454546,0.4808612440191388,0.38636363636363635,0.8888888888888888,0.5025252525252525,0.14897080331919432
reciprocity,gender,0.25,0.05,0.022621672640428612,0.4524334528085722,0.7130016051364366,3115,1534,1581,0.5521250757717743,-0.40774810771059583,-0.9598731834823702,-2.121578715109953,False,0.1339716515824324,0.12619956507648267,-0.007772086505949738,36,36,36,0.4444444444444444,0.9473684210526315,0.5029239766081871,0.35,0.8974358974358975,0.5474358974358975,0.12192214170039661
reciprocity,gender,0.25,0.1,0.045243345280857224,0.4524334528085722,0.7130016051364366,3115,1534,1581,0.5068817304909171,-0.3625047624297386,-0.8693864929206557,-1.9215787151099528,False,0.1339716515824324,0.12619956507648267,-0.007772086505949738,36,36,36,0.4444444444444444,0.9473684210526315,0.5029239766081871,0.35,0.8974358974358975,0.5474358974358975,0.12192214170039661
reciprocity,gender,0.25,0.15,0.06786501792128583,0.4524334528085722,0.7130016051364366,3115,1534,1581,0.4616383852100599,-0.3172614171488814,-0.7788998023589413,-1.7215787151099529,False,0.1339716515824324,0.12619956507648267,-0.007772086505949738,36,36,36,0.4444444444444444,0.9473684210526315,0.5029239766081871,0.35,0.8974358974358975,0.5474358974358975,0.12192214170039661
reciprocity,gender,0.25,0.2,0.09048669056171445,0.4524334528085722,0.7130016051364366,3115,1534,1581,0.4163950399292027,-0.2720180718680242,-0.6884131117972269,-1.521578715109953,False,0.1339716515824324,0.12619956507648267,-0.007772086505949738,36,36,36,0.4444444444444444,0.9473684210526315,0.5029239766081871,0.35,0.8974358974358975,0.5474358974358975,0.12192214170039661
reciprocity,gender,0.5,0.05,0.02265208592157479,0.45304171843149577,0.7117059013221542,3101,1534,1567,0.576317449778472,-0.3334837069447292,-0.9098011567232012,-2.008206131375894,False,0.1339716515824324,0.10738803666561547,-0.026583614916816933,36,36,36,0.5,0.9459459459459459,0.44594594594594594,0.32432432432432434,0.8787878787878788,0.5544635544635544,0.11342618617326772
reciprocity,gender,0.5,0.1,0.04530417184314958,0.45304171843149577,0.7117059013221542,3101,1534,1567,0.5310132779353225,-0.2881795351015796,-0.8191928130369022,-1.8082061313758944,False,0.1339716515824324,0.10738803666561547,-0.026583614916816933,36,36,36,0.5,0.9459459459459459,0.44594594594594594,0.32432432432432434,0.8787878787878788,0.5544635544635544,0.11342618617326772
reciprocity,gender,0.5,0.15,0.06795625776472436,0.45304171843149577,0.7117059013221542,3101,1534,1567,0.4857091060921729,-0.24287536325843007,-0.728584469350603,-1.6082061313758942,False,0.1339716515824324,0.10738803666561547,-0.026583614916816933,36,36,36,0.5,0.9459459459459459,0.44594594594594594,0.32432432432432434,0.8787878787878788,0.5544635544635544,0.11342618617326772
reciprocity,gender,0.5,0.2,0.09060834368629916,0.45304171843149577,0.7117059013221542,3101,1534,1567,0.44040493424902327,-0.19757119141528046,-0.6379761256643037,-1.408206131375894,False,0.1339716515824324,0.10738803666561547,-0.026583614916816933,36,36,36,0.5,0.9459459459459459,0.44594594594594594,0.32432432432432434,0.8787878787878788,0.5544635544635544,0.11342618617326772
reciprocity,gender,1.0,0.05,0.022559437201572947,0.4511887440314589,0.7156260109996765,3091,1565,1526,0.6669554290024269,-0.382929906084659,-1.0498853350870858,-2.326931575699688,False,0.1339716515824324,0.08159861652548583,-0.05237303505694657,36,36,36,0.45,0.9473684210526315,0.4973684210526315,0.23529411764705882,0.8780487804878049,0.6427546628407461,0.0820635638169045
reciprocity,gender,1.0,0.1,0.045118874403145895,0.4511887440314589,0.7156260109996765,3091,1565,1526,0.621836554599281,-0.33781103168151305,-0.959647586280794,-2.126931575699688,False,0.1339716515824324,0.08159861652548583,-0.05237303505694657,36,36,36,0.45,0.9473684210526315,0.4973684210526315,0.23529411764705882,0.8780487804878049,0.6427546628407461,0.0820635638169045
reciprocity,gender,1.0,0.15,0.06767831160471884,0.4511887440314589,0.7156260109996765,3091,1565,1526,0.5767176801961351,-0.29269215727836717,-0.8694098374745023,-1.9269315756996879,False,0.1339716515824324,0.08159861652548583,-0.05237303505694657,36,36,36,0.45,0.9473684210526315,0.4973684210526315,0.23529411764705882,0.8780487804878049,0.6427546628407461,0.0820635638169045
reciprocity,gender,1.0,0.2,0.09023774880629179,0.4511887440314589,0.7156260109996765,3091,1565,1526,0.5315988057929892,-0.2475732828752213,-0.7791720886682105,-1.726931575699688,False,0.1339716515824324,0.08159861652548583,-0.05237303505694657,36,36,36,0.45,0.9473684210526315,0.4973684210526315,0.23529411764705882,0.8780487804878049,0.6427546628407461,0.0820635638169045
reciprocity,demo_basic,0.25,0.05,0.022930571820520315,0.45861143641040625,0.6993569131832797,3110,1505,1605,0.6143705165906196,-0.42179527205355116,-1.0361657886441709,-2.2593544477528416,False,0.1339716515824324,0.14995290878794465,0.015981257205512245,36,36,36,0.43478260869565216,0.9459459459459459,0.5111633372502937,0.2857142857142857,0.9024390243902439,0.6167247386759582,0.133009763490067
reciprocity,demo_basic,0.25,0.1,0.04586114364104063,0.45861143641040625,0.6993569131832797,3110,1505,1605,0.5685093729495789,-0.3759341284125105,-0.9444435013620894,-2.0593544477528414,False,0.1339716515824324,0.14995290878794465,0.015981257205512245,36,36,36,0.43478260869565216,0.9459459459459459,0.5111633372502937,0.2857142857142857,0.9024390243902439,0.6167247386759582,0.133009763490067
reciprocity,demo_basic,0.25,0.15,0.06879171546156093,0.45861143641040625,0.6993569131832797,3110,1505,1605,0.5226482293085384,-0.3300729847714699,-0.8527212140800082,-1.8593544477528414,False,0.1339716515824324,0.14995290878794465,0.015981257205512245,36,36,36,0.43478260869565216,0.9459459459459459,0.5111633372502937,0.2857142857142857,0.9024390243902439,0.6167247386759582,0.133009763490067
reciprocity,demo_basic,0.25,0.2,0.09172228728208126,0.45861143641040625,0.6993569131832797,3110,1505,1605,0.4767870856674977,-0.28421184113042924,-0.7609989267979269,-1.6593544477528412,False,0.1339716515824324,0.14995290878794465,0.015981257205512245,36,36,36,0.43478260869565216,0.9459459459459459,0.5111633372502937,0.2857142857142857,0.9024390243902439,0.6167247386759582,0.133009763490067
reciprocity,demo_basic,0.5,0.05,0.02297688617291832,0.4595377234583664,0.6972124319128484,3121,1516,1605,0.6006183316730759,-0.39805149774639,-0.9986698294194658,-2.1732053288329096,False,0.1339716515824324,0.14882458346690342,0.01485293188447101,36,36,36,0.43478260869565216,0.9444444444444444,0.5096618357487923,0.2978723404255319,0.8787878787878788,0.5809155383623469,0.11746765894802691
reciprocity,demo_basic,0.5,0.1,0.04595377234583664,0.4595377234583664,0.6972124319128484,3121,1516,1605,0.5546645593272392,-0.35209772540055334,-0.9067622847277925,-1.9732053288329094,False,0.1339716515824324,0.14882458346690342,0.01485293188447101,36,36,36,0.43478260869565216,0.9444444444444444,0.5096618357487923,0.2978723404255319,0.8787878787878788,0.5809155383623469,0.11746765894802691
reciprocity,demo_basic,0.5,0.15,0.06893065851875496,0.4595377234583664,0.6972124319128484,3121,1516,1605,0.5087107869814026,-0.3061439530547167,-0.8148547400361192,-1.7732053288329095,False,0.1339716515824324,0.14882458346690342,0.01485293188447101,36,36,36,0.43478260869565216,0.9444444444444444,0.5096618357487923,0.2978723404255319,0.8787878787878788,0.5809155383623469,0.11746765894802691
reciprocity,demo_basic,0.5,0.2,0.09190754469167328,0.4595377234583664,0.6972124319128484,3121,1516,1605,0.46275701463556596,-0.26019018070888006,-0.722947195344446,-1.5732053288329095,False,0.1339716515824324,0.14882458346690342,0.01485293188447101,36,36,36,0.43478260869565216,0.9444444444444444,0.5096618357487923,0.2978723404255319,0.8787878787878788,0.5809155383623469,0.11746765894802691
reciprocity,demo_basic,1.0,0.05,0.02289201953211358,0.45784039064227156,0.70112,3125,1513,1612,0.6029339096537215,-0.41850167522148707,-1.0214355848752086,-2.230986181543113,False,0.1339716515824324,0.1540175386517838,0.020045887069351398,35,35,35,0.4166666666666667,0.9487179487179487,0.5320512820512819,0.3,0.8809523809523809,0.5809523809523809,0.10916994785065659
reciprocity,demo_basic,1.0,0.1,0.04578403906422716,0.45784039064227156,0.70112,3125,1513,1612,0.5571498705894943,-0.37271763615725995,-0.9298675067467542,-2.030986181543113,False,0.1339716515824324,0.1540175386517838,0.020045887069351398,35,35,35,0.4166666666666667,0.9487179487179487,0.5320512820512819,0.3,0.8809523809523809,0.5809523809523809,0.10916994785065659
reciprocity,demo_basic,1.0,0.15,0.06867605859634072,0.45784039064227156,0.70112,3125,1513,1612,0.5113658315252672,-0.3269335970930328,-0.8382994286183,-1.830986181543113,False,0.1339716515824324,0.1540175386517838,0.020045887069351398,35,35,35,0.4166666666666667,0.9487179487179487,0.5320512820512819,0.3,0.8809523809523809,0.5809523809523809,0.10916994785065659
reciprocity,demo_basic,1.0,0.2,0.09156807812845431,0.45784039064227156,0.70112,3125,1513,1612,0.46558179246104003,-0.2811495580288056,-0.7467313504898456,-1.6309861815431128,False,0.1339716515824324,0.1540175386517838,0.020045887069351398,35,35,35,0.4166666666666667,0.9487179487179487,0.5320512820512819,0.3,0.8809523809523809,0.5809523809523809,0.10916994785065659
